season,team,made_playoffs,net_rtg,wins,games,age,strength_of_schedule,three_pt_pct,two_pt_pct,true_shooting_pct,efg,tov_rate,oreb,dreb,free_throw_rate,def_three_pt_pct,def_two_pt_pct,def_efg,def_tov_rate,def_free_throw_rate,next_season_win_pct
2005,ATL,FALSE,-4.69,26,82,22.7,0.07,0.367,0.472,0.534,0.486,0.147,0.314,0.695,0.255,0.368,0.503,0.513,0.141,.275,0.36585365853658536
2006,ATL,FALSE,-4.86,30,82,24.1,-0.1,0.329,0.467,0.523,0.471,0.151,0.292,0.7090000000000001,0.263,0.376,0.488,0.503,0.145,.268,0.45121951219512196
2007,ATL,TRUE,-2.23,37,82,24.2,-0.41,0.356,0.473,0.535,0.483,0.14,0.297,0.7170000000000001,0.263,0.362,0.489,0.501,0.129,.217,0.573170731707317
2008,ATL,TRUE,1.7,47,82,25.8,0.13,0.366,0.49,0.546,0.504,0.125,0.26,0.716,0.238,0.353,0.484,0.494,0.132,.210,0.6463414634146342
2009,ATL,TRUE,4.44,53,82,26.5,-0.22,0.36,0.497,0.545,0.506,0.114,0.282,0.727,0.213,0.345,0.491,0.496,0.132,.208,0.5365853658536586
2010,ATL,TRUE,-1.1,44,82,27.4,-0.28,0.352,0.494,0.542,0.501,0.135,0.23399999999999999,0.746,0.209,0.338,0.492,0.495,0.12300000000000001,.211,0.6060606060606061
2011,ATL,TRUE,2.67,40,66,27.9,-0.77,0.37,0.482,0.535,0.5,0.134,0.239,0.7440000000000001,0.192,0.344,0.47,0.48,0.14400000000000002,.186,0.5365853658536586
2012,ATL,TRUE,-0.08,44,82,27.1,-0.48,0.371,0.501,0.546,0.517,0.142,0.222,0.736,0.174,0.379,0.473,0.496,0.142,.181,0.4634146341463415
2013,ATL,TRUE,-0.88,38,82,27.5,-0.4,0.363,0.502,0.554,0.515,0.14300000000000002,0.21,0.7440000000000001,0.208,0.365,0.497,0.51,0.14,.196,0.7439024390243902
2014,ATL,TRUE,4.75,61,82,27.8,-0.68,0.38,0.506,0.563,0.527,0.135,0.214,0.7340000000000001,0.201,0.341,0.483,0.492,0.149,.185,0.5853658536585366
2015,ATL,TRUE,3.49,48,82,28.2,-0.12,0.35,0.512,0.552,0.516,0.138,0.191,0.746,0.185,0.338,0.469,0.48,0.14400000000000002,.194,0.524390243902439
2016,ATL,TRUE,-1.23,43,82,27.9,-0.38,0.341,0.501,0.541,0.504,0.142,0.23600000000000002,0.7609999999999999,0.215,0.357,0.491,0.507,0.138,.179,0.2926829268292683
2017,ATL,FALSE,-5.3,24,82,25.4,0.15,0.36,0.495,0.547,0.512,0.141,0.21100000000000002,0.762,0.185,0.377,0.52,0.536,0.136,.183,0.35365853658536583
2018,ATL,FALSE,-6.06,29,82,25.1,-0.04,0.352,0.518,0.555,0.522,0.14300000000000002,0.247,0.764,0.192,0.359,0.543,0.541,0.128,.237,0.29850746268656714
2019,ATL,FALSE,-7.71,20,67,24.1,0.27,0.333,0.525,0.554,0.515,0.138,0.21600000000000003,0.7490000000000001,0.204,0.363,0.542,0.543,0.127,.233,0.5694444444444444
2020,ATL,TRUE,2.14,41,72,25.4,-0.18,0.373,0.526,0.581,0.539,0.11900000000000001,0.244,0.778,0.226,0.349,0.534,0.53,0.111,.190,0.524390243902439
2021,ATL,TRUE,1.55,43,82,26.1,-0.01,0.374,0.531,0.581,0.543,0.10800000000000001,0.23,0.769,0.205,0.364,0.541,0.543,0.115,.177,NA
2005,BKN,TRUE,1.11,49,82,28.6,-0.26,0.33,0.472,0.528,0.478,0.133,0.24,0.763,0.262,0.348,0.464,0.476,0.14,.266,0.5
2006,BKN,TRUE,-1,41,82,28.2,-0.23,0.363,0.49,0.546,0.504,0.142,0.24600000000000002,0.7440000000000001,0.245,0.357,0.476,0.49,0.13699999999999998,.266,0.4146341463414634
2007,BKN,FALSE,-5.15,34,82,27.4,-0.09,0.348,0.47,0.528,0.481,0.142,0.266,0.738,0.255,0.369,0.48,0.497,0.127,.271,0.4146341463414634
2008,BKN,FALSE,-2.31,34,82,25.7,0.13,0.376,0.473,0.543,0.497,0.127,0.252,0.735,0.236,0.391,0.485,0.509,0.13,.272,0.14634146341463414
2009,BKN,FALSE,-8.93,12,82,24.8,0.19,0.318,0.454,0.509,0.458,0.13699999999999998,0.251,0.718,0.24,0.366,0.509,0.517,0.133,.229,0.2926829268292683
2010,BKN,FALSE,-6.28,24,82,24.8,-0.04,0.343,0.464,0.517,0.474,0.134,0.261,0.742,0.215,0.364,0.492,0.503,0.11800000000000001,.241,0.3333333333333333
2011,BKN,FALSE,-6.37,22,66,26.1,-0.39,0.342,0.457,0.516,0.473,0.14300000000000002,0.278,0.7070000000000001,0.209,0.374,0.5,0.513,0.13699999999999998,.209,0.5975609756097561
2012,BKN,TRUE,1.25,49,82,28.6,-0.53,0.357,0.484,0.536,0.498,0.14,0.309,0.737,0.219,0.366,0.49,0.503,0.131,.174,0.5365853658536586
2013,BKN,TRUE,-1.58,44,82,30,-0.58,0.369,0.497,0.555,0.514,0.141,0.217,0.723,0.236,0.367,0.492,0.509,0.149,.236,0.4634146341463415
2014,BKN,TRUE,-3.13,38,82,28.6,-0.25,0.331,0.489,0.529,0.491,0.13,0.239,0.737,0.2,0.358,0.494,0.506,0.129,.185,0.25609756097560976
2015,BKN,FALSE,-7.12,21,82,26.9,0.24,0.352,0.481,0.527,0.492,0.136,0.24100000000000002,0.757,0.186,0.369,0.526,0.534,0.131,.176,0.24390243902439024
2016,BKN,FALSE,-6.74,20,82,26,-0.01,0.338,0.506,0.551,0.507,0.147,0.196,0.7609999999999999,0.228,0.366,0.498,0.513,0.11599999999999999,.212,0.34146341463414637
2017,BKN,FALSE,-3.67,28,82,25.1,0.07,0.356,0.5,0.551,0.514,0.136,0.21,0.77,0.201,0.369,0.503,0.517,0.11,.201,0.5121951219512195
2018,BKN,TRUE,-0.4,42,82,25.4,-0.33,0.353,0.513,0.556,0.52,0.13,0.23800000000000002,0.764,0.211,0.341,0.513,0.512,0.11599999999999999,.190,0.4861111111111111
2019,BKN,TRUE,-1.01,35,72,26.3,-0.44,0.343,0.524,0.554,0.52,0.131,0.23199999999999998,0.778,0.199,0.35,0.503,0.511,0.11,.187,0.6666666666666666
2020,BKN,TRUE,4.24,48,72,28.2,-0.27,0.392,0.565,0.61,0.575,0.122,0.214,0.773,0.208,0.365,0.521,0.531,0.111,.187,0.5365853658536586
2021,BKN,TRUE,0.82,44,82,29.1,0.04,0.361,0.538,0.576,0.54,0.125,0.239,0.7509999999999999,0.198,0.345,0.523,0.521,0.11699999999999999,.201,NA
2005,BOS,FALSE,-1.59,33,82,25.3,-0.05,0.362,0.494,0.551,0.504,0.157,0.255,0.728,0.263,0.353,0.481,0.49,0.138,.282,0.2926829268292683
2006,BOS,FALSE,-3.7,24,82,23.5,-0.29,0.367,0.462,0.53,0.479,0.154,0.27,0.738,0.259,0.354,0.495,0.502,0.145,.280,0.8048780487804879
2007,BOS,TRUE,9.3,66,82,27.9,-0.95,0.381,0.506,0.569,0.522,0.147,0.266,0.7440000000000001,0.267,0.316,0.452,0.457,0.152,.253,0.7560975609756098
2008,BOS,TRUE,7.44,62,82,27.8,-0.07,0.397,0.51,0.571,0.528,0.15,0.27899999999999997,0.7559999999999999,0.251,0.349,0.454,0.47,0.14,.253,0.6097560975609756
2009,BOS,TRUE,3.37,50,82,29.4,-0.29,0.348,0.523,0.564,0.522,0.145,0.228,0.738,0.248,0.342,0.481,0.487,0.149,.251,0.6829268292682927
2010,BOS,TRUE,4.83,56,82,29.5,-0.54,0.365,0.513,0.561,0.519,0.145,0.21100000000000002,0.747,0.235,0.34,0.459,0.469,0.14800000000000002,.235,0.5909090909090909
2011,BOS,TRUE,2.26,39,66,29.3,-0.26,0.367,0.483,0.535,0.496,0.147,0.19699999999999998,0.7240000000000001,0.2,0.308,0.449,0.452,0.149,.216,0.5061728395061729
2012,BOS,TRUE,-0.62,41,81,29.1,-0.4,0.358,0.494,0.542,0.503,0.141,0.201,0.733,0.204,0.342,0.472,0.482,0.142,.216,0.3048780487804878
2013,BOS,FALSE,-4.97,25,82,25.4,-0.51,0.333,0.47,0.517,0.477,0.142,0.27399999999999997,0.742,0.193,0.347,0.5,0.505,0.134,.227,0.4878048780487805
2014,BOS,TRUE,-0.4,40,82,25,-0.56,0.327,0.488,0.523,0.489,0.125,0.247,0.75,0.176,0.336,0.49,0.494,0.13699999999999998,.208,0.5853658536585366
2015,BOS,TRUE,2.84,48,82,25.2,-0.37,0.335,0.483,0.531,0.488,0.121,0.251,0.746,0.208,0.336,0.481,0.487,0.146,.231,0.6463414634146342
2016,BOS,TRUE,2.25,53,82,25.9,-0.39,0.359,0.515,0.567,0.525,0.122,0.212,0.753,0.22,0.332,0.505,0.503,0.126,.223,0.6707317073170732
2017,BOS,TRUE,3.23,55,82,24.7,-0.35,0.377,0.491,0.552,0.518,0.13,0.215,0.784,0.188,0.339,0.488,0.495,0.13,.191,0.5975609756097561
2018,BOS,TRUE,3.9,49,82,25.7,-0.54,0.365,0.527,0.567,0.534,0.115,0.21600000000000003,0.77,0.173,0.344,0.513,0.514,0.134,.198,0.6666666666666666
2019,BOS,TRUE,5.83,48,72,25.3,-0.47,0.364,0.522,0.57,0.531,0.122,0.239,0.774,0.207,0.34,0.508,0.509,0.135,.215,0.5
2020,BOS,TRUE,1.32,36,72,25.1,-0.14,0.374,0.53,0.574,0.543,0.125,0.243,0.7809999999999999,0.181,0.374,0.524,0.539,0.128,.215,0.6219512195121951
2021,BOS,TRUE,7.02,51,82,26.1,-0.26,0.356,0.547,0.578,0.542,0.124,0.24,0.773,0.195,0.339,0.497,0.502,0.125,.183,NA
2005,CHA,FALSE,-3.9,26,82,25.2,0.1,0.339,0.454,0.509,0.464,0.13,0.271,0.7070000000000001,0.233,0.356,0.509,0.514,0.165,.263,0.4024390243902439
2006,CHA,FALSE,-3.97,33,82,25.5,-0.22,0.357,0.467,0.524,0.48,0.139,0.264,0.716,0.236,0.363,0.489,0.5,0.147,.279,0.3902439024390244
2007,CHA,FALSE,-4.49,32,82,26.3,-0.11,0.367,0.476,0.532,0.492,0.139,0.256,0.71,0.23,0.355,0.497,0.505,0.134,.235,0.4268292682926829
2008,CHA,FALSE,-1.2,35,82,25.8,0.07,0.366,0.479,0.536,0.494,0.151,0.27699999999999997,0.73,0.231,0.366,0.482,0.498,0.14400000000000002,.229,0.5365853658536586
2009,CHA,TRUE,1.3,44,82,27.4,-0.17,0.346,0.482,0.538,0.49,0.151,0.265,0.742,0.26,0.338,0.486,0.491,0.147,.194,0.4146341463414634
2010,CHA,FALSE,-4.08,34,82,26.9,-0.08,0.327,0.48,0.528,0.482,0.141,0.257,0.752,0.237,0.359,0.487,0.5,0.129,.229,0.10606060606060606
2011,CHA,FALSE,-13.96,7,66,24.5,-0.05,0.295,0.439,0.483,0.439,0.139,0.23600000000000002,0.7090000000000001,0.206,0.356,0.506,0.512,0.128,.206,0.25609756097560976
2012,CHA,FALSE,-9.29,21,82,24.4,-0.06,0.335,0.448,0.507,0.46,0.132,0.257,0.711,0.233,0.388,0.502,0.524,0.132,.197,0.524390243902439
2013,CHA,TRUE,-0.89,43,82,25.5,-0.67,0.351,0.468,0.522,0.481,0.11699999999999999,0.21899999999999997,0.7759999999999999,0.219,0.369,0.468,0.491,0.126,.183,0.4024390243902439
2014,CHA,FALSE,-3.44,33,82,26,-0.27,0.318,0.45,0.498,0.456,0.11199999999999999,0.221,0.7929999999999999,0.202,0.357,0.47,0.487,0.12,.188,0.5853658536585366
2015,CHA,TRUE,2.36,48,82,26,-0.36,0.362,0.479,0.545,0.502,0.11699999999999999,0.2,0.7979999999999999,0.222,0.349,0.485,0.496,0.125,.191,0.43902439024390244
2016,CHA,FALSE,-0.07,36,82,26.5,-0.26,0.351,0.488,0.547,0.501,0.107,0.19899999999999998,0.7959999999999999,0.227,0.369,0.506,0.523,0.121,.164,0.43902439024390244
2017,CHA,FALSE,0.07,36,82,26.6,-0.19,0.369,0.487,0.549,0.508,0.114,0.222,0.807,0.233,0.375,0.516,0.532,0.124,.165,0.47560975609756095
2018,CHA,FALSE,-1.32,39,82,26.6,-0.22,0.351,0.507,0.554,0.514,0.109,0.217,0.7709999999999999,0.205,0.361,0.536,0.538,0.121,.179,0.35384615384615387
2019,CHA,FALSE,-7.03,23,65,24.3,-0.28,0.352,0.489,0.539,0.504,0.133,0.239,0.7440000000000001,0.188,0.352,0.558,0.546,0.131,.159,0.4583333333333333
2020,CHA,FALSE,-1.94,33,72,24.6,-0.01,0.369,0.517,0.564,0.532,0.133,0.235,0.757,0.181,0.366,0.552,0.55,0.132,.163,0.524390243902439
2021,CHA,FALSE,0.53,43,82,25.5,0.09,0.365,0.542,0.572,0.544,0.11599999999999999,0.233,0.748,0.173,0.362,0.544,0.544,0.131,.187,NA
2005,CHI,TRUE,0.51,41,82,24.1,-0.12,0.379,0.465,0.527,0.487,0.139,0.263,0.747,0.216,0.351,0.447,0.464,0.139,.295,0.5975609756097561
2006,CHI,TRUE,4.52,49,82,26,-0.49,0.388,0.473,0.534,0.493,0.147,0.28600000000000003,0.743,0.229,0.349,0.459,0.473,0.162,.252,0.4024390243902439
2007,CHI,FALSE,-3.19,33,82,25.7,-0.11,0.363,0.452,0.515,0.47,0.134,0.289,0.731,0.223,0.375,0.476,0.496,0.142,.258,0.5
2008,CHI,TRUE,-0.16,41,82,24.9,0.12,0.381,0.474,0.541,0.493,0.133,0.28,0.7090000000000001,0.239,0.347,0.486,0.493,0.131,.238,0.5
2009,CHI,TRUE,-1.64,41,82,26.2,0,0.33,0.474,0.52,0.477,0.133,0.266,0.748,0.217,0.348,0.472,0.484,0.12300000000000001,.212,0.7560975609756098
2010,CHI,TRUE,6.53,62,82,26.4,-0.79,0.361,0.489,0.541,0.501,0.135,0.294,0.762,0.227,0.326,0.456,0.463,0.136,.222,0.7575757575757576
2011,CHI,TRUE,7.43,50,66,27.1,-0.76,0.375,0.471,0.523,0.49,0.132,0.326,0.743,0.184,0.325,0.442,0.45,0.128,.175,0.5487804878048781
2012,CHI,TRUE,-0.02,45,82,28,-0.33,0.353,0.456,0.512,0.47,0.136,0.294,0.736,0.201,0.346,0.467,0.477,0.132,.206,0.5853658536585366
2013,CHI,TRUE,1.2,48,82,28.6,-0.66,0.348,0.456,0.518,0.471,0.142,0.272,0.754,0.226,0.351,0.454,0.471,0.13699999999999998,.189,0.6097560975609756
2014,CHI,TRUE,2.54,50,82,28.8,-0.46,0.353,0.474,0.536,0.489,0.129,0.27,0.7440000000000001,0.238,0.335,0.465,0.473,0.113,.182,0.5121951219512195
2015,CHI,FALSE,-1.46,42,82,27.6,0.01,0.371,0.464,0.526,0.487,0.126,0.245,0.7490000000000001,0.189,0.345,0.474,0.485,0.107,.182,0.5
2016,CHI,TRUE,0.03,41,82,26.9,-0.39,0.34,0.479,0.53,0.487,0.12300000000000001,0.27,0.768,0.206,0.345,0.503,0.507,0.124,.169,0.32926829268292684
2017,CHI,FALSE,-6.84,27,82,24.4,0.2,0.355,0.478,0.529,0.497,0.126,0.20600000000000002,0.8059999999999999,0.164,0.37,0.534,0.542,0.124,.184,0.2682926829268293
2018,CHI,FALSE,-8.32,22,82,24,0.1,0.351,0.496,0.541,0.505,0.127,0.19399999999999998,0.773,0.184,0.365,0.537,0.541,0.11900000000000001,.188,0.3384615384615385
2019,CHI,FALSE,-4,22,65,24.4,-0.93,0.348,0.511,0.547,0.515,0.13699999999999998,0.228,0.7559999999999999,0.175,0.353,0.557,0.546,0.163,.239,0.4305555555555556
2020,CHI,FALSE,-0.94,31,72,25.6,-0.05,0.37,0.542,0.575,0.547,0.136,0.223,0.8029999999999999,0.156,0.356,0.541,0.538,0.11599999999999999,.196,0.5609756097560976
2021,CHI,TRUE,-0.38,46,82,26.3,0.02,0.369,0.535,0.579,0.541,0.11800000000000001,0.204,0.7829999999999999,0.201,0.366,0.536,0.541,0.11900000000000001,.199,NA
2005,CLE,TRUE,2.17,50,82,27.1,-0.06,0.339,0.487,0.538,0.492,0.133,0.284,0.757,0.263,0.356,0.48,0.49,0.128,.226,0.6097560975609756
2006,CLE,TRUE,3.33,50,82,26.9,-0.5,0.352,0.473,0.522,0.484,0.134,0.297,0.758,0.223,0.329,0.476,0.48,0.147,.243,0.5487804878048781
2007,CLE,TRUE,-0.53,45,82,27.1,-0.17,0.358,0.463,0.52,0.48,0.131,0.304,0.759,0.221,0.357,0.482,0.494,0.129,.240,0.8048780487804879
2008,CLE,TRUE,8.68,66,82,26.6,-0.25,0.393,0.495,0.56,0.519,0.125,0.27699999999999997,0.746,0.236,0.333,0.459,0.468,0.135,.226,0.7439024390243902
2009,CLE,TRUE,6.17,61,82,28,-0.36,0.381,0.52,0.57,0.532,0.134,0.251,0.772,0.246,0.347,0.471,0.482,0.12300000000000001,.218,0.23170731707317074
2010,CLE,FALSE,-8.88,19,82,26.6,0.14,0.342,0.461,0.518,0.472,0.134,0.242,0.733,0.233,0.411,0.495,0.524,0.127,.211,0.3181818181818182
2011,CLE,FALSE,-7.34,21,66,26,-0.14,0.346,0.446,0.505,0.463,0.14300000000000002,0.289,0.722,0.22,0.362,0.498,0.508,0.131,.202,0.2926829268292683
2012,CLE,FALSE,-4.87,24,82,24.1,-0.19,0.346,0.46,0.514,0.473,0.13,0.281,0.726,0.2,0.372,0.511,0.523,0.14400000000000002,.225,0.4024390243902439
2013,CLE,FALSE,-3.86,33,82,24.9,-0.57,0.356,0.461,0.518,0.479,0.13,0.272,0.758,0.201,0.367,0.49,0.508,0.13,.199,0.6463414634146342
2014,CLE,TRUE,4.08,53,82,26.9,-0.4,0.367,0.504,0.557,0.52,0.134,0.268,0.747,0.216,0.343,0.497,0.502,0.126,.177,0.691358024691358
2015,CLE,TRUE,5.45,56,81,28.1,-0.55,0.362,0.514,0.558,0.524,0.127,0.251,0.785,0.194,0.347,0.487,0.496,0.126,.205,0.6219512195121951
2016,CLE,TRUE,2.87,51,82,29.2,-0.31,0.384,0.528,0.58,0.547,0.126,0.21899999999999997,0.758,0.206,0.361,0.504,0.516,0.114,.174,0.6097560975609756
2017,CLE,TRUE,0.59,50,82,30.6,-0.35,0.372,0.54,0.584,0.547,0.126,0.201,0.773,0.214,0.368,0.533,0.54,0.122,.166,0.23170731707317074
2018,CLE,FALSE,-9.39,19,82,25.2,0.22,0.355,0.488,0.54,0.503,0.122,0.237,0.77,0.187,0.38,0.561,0.564,0.115,.181,0.2923076923076923
2019,CLE,FALSE,-7.77,19,65,25,0.12,0.351,0.519,0.553,0.522,0.146,0.24600000000000002,0.774,0.172,0.375,0.558,0.56,0.11699999999999999,.164,0.3055555555555556
2020,CLE,FALSE,-8.19,22,72,24,0.25,0.336,0.51,0.543,0.508,0.139,0.23600000000000002,0.7659999999999999,0.194,0.383,0.545,0.556,0.13,.183,0.5365853658536586
2021,CLE,FALSE,2.04,44,82,24.7,-0.08,0.355,0.541,0.571,0.538,0.132,0.24,0.765,0.198,0.353,0.514,0.52,0.12300000000000001,.172,NA
2005,DAL,TRUE,5.96,60,82,27.5,-0.11,0.374,0.481,0.55,0.495,0.131,0.318,0.722,0.285,0.361,0.461,0.475,0.13699999999999998,.257,0.8170731707317073
2006,DAL,TRUE,7.28,67,82,28.1,0.06,0.381,0.491,0.559,0.509,0.134,0.287,0.75,0.256,0.349,0.467,0.477,0.142,.265,0.6219512195121951
2007,DAL,TRUE,4.7,51,82,28.9,0.16,0.352,0.495,0.554,0.502,0.12300000000000001,0.267,0.75,0.259,0.349,0.463,0.474,0.11699999999999999,.252,0.6097560975609756
2008,DAL,TRUE,1.68,50,82,29,-0.3,0.35,0.498,0.55,0.504,0.121,0.266,0.746,0.224,0.375,0.475,0.493,0.12300000000000001,.225,0.6707317073170732
2009,DAL,TRUE,2.66,55,82,30.7,-0.06,0.372,0.491,0.552,0.506,0.12300000000000001,0.243,0.737,0.226,0.347,0.488,0.495,0.136,.206,0.6951219512195121
2010,DAL,TRUE,4.41,57,82,30.9,0.18,0.365,0.516,0.565,0.525,0.136,0.24100000000000002,0.748,0.222,0.343,0.481,0.488,0.13,.206,0.5454545454545454
2011,DAL,TRUE,1.78,36,66,31.3,0.83,0.339,0.482,0.527,0.489,0.134,0.23399999999999999,0.748,0.19,0.346,0.466,0.479,0.139,.203,0.5
2012,DAL,FALSE,-0.24,41,82,29.5,0.36,0.372,0.489,0.544,0.506,0.13,0.218,0.731,0.192,0.359,0.475,0.492,0.133,.227,0.5975609756097561
2013,DAL,TRUE,2.91,49,82,30.6,0.5,0.384,0.508,0.564,0.526,0.127,0.24600000000000002,0.727,0.201,0.359,0.505,0.515,0.14800000000000002,.229,0.6097560975609756
2014,DAL,TRUE,3.36,50,82,29.9,0.46,0.352,0.509,0.55,0.515,0.11900000000000001,0.23600000000000002,0.722,0.197,0.364,0.485,0.503,0.147,.204,0.5121951219512195
2015,DAL,TRUE,-0.02,42,82,30.3,0.29,0.344,0.495,0.544,0.502,0.12,0.20600000000000002,0.762,0.211,0.342,0.5,0.504,0.128,.198,0.4024390243902439
2016,DAL,FALSE,-2.53,33,82,27.6,0.4,0.355,0.489,0.541,0.505,0.11599999999999999,0.18100000000000002,0.7759999999999999,0.18,0.38,0.51,0.529,0.14400000000000002,.218,0.2926829268292683
2017,DAL,FALSE,-2.7,24,82,27.7,0.34,0.36,0.496,0.544,0.513,0.11599999999999999,0.18,0.789,0.166,0.363,0.526,0.532,0.129,.193,0.4024390243902439
2018,DAL,FALSE,-0.87,33,82,26.9,0.42,0.34,0.524,0.555,0.519,0.127,0.22699999999999998,0.775,0.216,0.344,0.525,0.522,0.11599999999999999,.191,0.5733333333333334
2019,DAL,TRUE,4.87,43,75,26.1,-0.07,0.367,0.541,0.581,0.545,0.11199999999999999,0.23199999999999998,0.777,0.206,0.351,0.523,0.525,0.106,.175,0.5833333333333334
2020,DAL,TRUE,2.26,42,72,26.3,-0.01,0.362,0.554,0.582,0.55,0.111,0.21100000000000002,0.778,0.189,0.365,0.525,0.534,0.115,.197,0.6341463414634146
2021,DAL,TRUE,3.12,52,82,26.7,-0.18,0.35,0.548,0.572,0.538,0.11699999999999999,0.213,0.78,0.192,0.34,0.527,0.521,0.122,.185,NA
2005,DEN,TRUE,0.36,44,82,27.4,0.13,0.325,0.487,0.535,0.488,0.13699999999999998,0.268,0.72,0.258,0.358,0.481,0.493,0.147,.227,0.5487804878048781
2006,DEN,TRUE,1.69,45,82,26.5,0.07,0.336,0.5,0.548,0.501,0.146,0.289,0.718,0.268,0.353,0.49,0.499,0.145,.203,0.6097560975609756
2007,DEN,TRUE,3.74,50,82,28.5,0.03,0.355,0.504,0.557,0.51,0.129,0.255,0.721,0.269,0.363,0.485,0.499,0.141,.203,0.6585365853658537
2008,DEN,TRUE,3.13,54,82,27.7,-0.29,0.371,0.499,0.563,0.512,0.142,0.275,0.7170000000000001,0.29,0.366,0.464,0.485,0.141,.259,0.6463414634146342
2009,DEN,TRUE,4.15,53,82,27.7,0.06,0.359,0.5,0.561,0.509,0.127,0.261,0.7240000000000001,0.29,0.349,0.487,0.495,0.138,.251,0.6097560975609756
2010,DEN,TRUE,4.81,50,82,27.3,0.05,0.388,0.506,0.574,0.526,0.131,0.239,0.754,0.281,0.344,0.495,0.5,0.127,.224,0.5757575757575758
2011,DEN,TRUE,3.16,38,66,26.6,0.29,0.332,0.522,0.556,0.516,0.141,0.27699999999999997,0.743,0.239,0.383,0.483,0.508,0.14300000000000002,.185,0.6951219512195121
2012,DEN,TRUE,5.37,57,82,26.1,0.28,0.343,0.516,0.549,0.515,0.136,0.314,0.718,0.216,0.363,0.474,0.493,0.14300000000000002,.193,0.43902439024390244
2013,DEN,FALSE,-1.4,36,82,26,0.75,0.358,0.481,0.536,0.497,0.14,0.275,0.745,0.222,0.351,0.491,0.5,0.128,.233,0.37037037037037035
2014,DEN,FALSE,-3.07,30,81,26.4,0.48,0.325,0.476,0.518,0.479,0.127,0.266,0.747,0.204,0.346,0.498,0.504,0.13,.239,0.4024390243902439
2015,DEN,FALSE,-2.81,33,82,24.7,0.29,0.338,0.482,0.531,0.489,0.132,0.258,0.773,0.216,0.371,0.498,0.515,0.126,.216,0.4878048780487805
2016,DEN,FALSE,0.7,40,82,25.2,0.19,0.368,0.519,0.568,0.53,0.132,0.273,0.787,0.214,0.375,0.519,0.532,0.109,.194,0.5609756097560976
2017,DEN,FALSE,1.57,46,82,25.1,0.09,0.371,0.525,0.57,0.536,0.134,0.257,0.775,0.198,0.378,0.525,0.539,0.126,.173,0.6585365853658537
2018,DEN,TRUE,4.19,54,82,24.9,0.24,0.351,0.527,0.558,0.527,0.11900000000000001,0.266,0.78,0.175,0.339,0.528,0.521,0.12300000000000001,.194,0.6301369863013698
2019,DEN,TRUE,2.35,46,73,25.6,0.24,0.359,0.533,0.567,0.535,0.12300000000000001,0.248,0.768,0.183,0.358,0.53,0.533,0.129,.198,0.6527777777777778
2020,DEN,TRUE,4.82,47,72,26.1,-0.11,0.377,0.552,0.588,0.557,0.121,0.247,0.789,0.176,0.363,0.545,0.545,0.129,.200,0.5853658536585366
2021,DEN,TRUE,2.16,48,82,27.7,-0.15,0.353,0.575,0.59,0.556,0.132,0.21899999999999997,0.7829999999999999,0.194,0.346,0.549,0.537,0.11699999999999999,.188,NA
2005,DET,TRUE,6.24,64,82,28.5,-0.44,0.384,0.475,0.535,0.497,0.11199999999999999,0.289,0.7120000000000001,0.216,0.325,0.476,0.477,0.13699999999999998,.191,0.6463414634146342
2006,DET,TRUE,3.69,53,82,29,-0.47,0.344,0.481,0.535,0.488,0.12,0.28300000000000003,0.7090000000000001,0.237,0.339,0.47,0.477,0.14300000000000002,.234,0.7195121951219512
2007,DET,TRUE,6.67,59,82,28.3,-0.72,0.366,0.481,0.539,0.495,0.114,0.294,0.737,0.23,0.332,0.463,0.47,0.134,.244,0.47560975609756095
2008,DET,TRUE,-0.36,39,82,28.2,0.13,0.349,0.475,0.524,0.483,0.11699999999999999,0.27899999999999997,0.74,0.212,0.354,0.474,0.485,0.11699999999999999,.248,0.32926829268292684
2009,DET,FALSE,-5.02,27,82,26.7,0.09,0.314,0.474,0.515,0.474,0.128,0.303,0.7340000000000001,0.22,0.375,0.515,0.526,0.142,.264,0.36585365853658536
2010,DET,FALSE,-3.78,30,82,27.2,-0.18,0.376,0.479,0.533,0.495,0.125,0.27399999999999997,0.721,0.206,0.358,0.523,0.526,0.138,.235,0.3787878787878788
2011,DET,FALSE,-5.19,25,66,26.3,-0.4,0.346,0.457,0.51,0.468,0.15,0.281,0.728,0.21,0.355,0.492,0.5,0.142,.226,0.35365853658536583
2012,DET,FALSE,-4.33,29,82,25.3,-0.34,0.356,0.474,0.521,0.487,0.14300000000000002,0.28300000000000003,0.73,0.197,0.36,0.492,0.505,0.131,.209,0.35365853658536583
2013,DET,FALSE,-4.13,29,82,24.7,-0.48,0.321,0.483,0.514,0.482,0.129,0.314,0.7340000000000001,0.199,0.365,0.51,0.52,0.138,.218,0.3902439024390244
2014,DET,FALSE,-1.39,32,82,25.9,-0.39,0.344,0.468,0.515,0.482,0.12300000000000001,0.27699999999999997,0.75,0.184,0.355,0.491,0.502,0.132,.192,0.5365853658536586
2015,DET,TRUE,0.43,44,82,25,-0.18,0.345,0.48,0.522,0.491,0.122,0.27,0.7929999999999999,0.197,0.355,0.495,0.504,0.125,.196,0.45121951219512196
2016,DET,FALSE,-1.29,37,82,25.4,-0.17,0.33,0.492,0.521,0.492,0.109,0.24100000000000002,0.812,0.157,0.366,0.502,0.516,0.121,.197,0.47560975609756095
2017,DET,FALSE,-0.26,39,82,25.9,-0.11,0.373,0.488,0.543,0.512,0.12300000000000001,0.22699999999999998,0.785,0.169,0.359,0.515,0.524,0.13699999999999998,.172,0.5
2018,DET,TRUE,-0.56,41,82,26.9,-0.31,0.348,0.5,0.544,0.509,0.12300000000000001,0.248,0.787,0.195,0.345,0.53,0.526,0.128,.211,0.30303030303030304
2019,DET,FALSE,-4.38,20,66,25.9,-0.82,0.367,0.515,0.561,0.529,0.138,0.226,0.759,0.194,0.361,0.541,0.541,0.127,.186,0.2777777777777778
2020,DET,FALSE,-4.38,20,72,24.5,0.09,0.351,0.515,0.556,0.519,0.135,0.21899999999999997,0.769,0.207,0.362,0.541,0.541,0.126,.195,0.2804878048780488
2021,DET,FALSE,-7.36,23,82,23.6,0.37,0.326,0.498,0.533,0.494,0.126,0.23399999999999999,0.7559999999999999,0.194,0.362,0.54,0.541,0.131,.226,NA
2005,GSW,FALSE,-1.11,34,82,25.6,0.25,0.341,0.467,0.521,0.479,0.13,0.26899999999999996,0.716,0.232,0.351,0.483,0.492,0.141,.243,0.5121951219512195
2006,GSW,TRUE,0,42,82,24.6,0.34,0.356,0.504,0.548,0.512,0.141,0.256,0.696,0.215,0.366,0.492,0.506,0.161,.264,0.5853658536585366
2007,GSW,FALSE,2.38,48,82,25.5,0.17,0.348,0.506,0.548,0.511,0.115,0.272,0.703,0.208,0.368,0.496,0.509,0.147,.258,0.35365853658536583
2008,GSW,FALSE,-3.8,29,82,25,-0.06,0.373,0.48,0.549,0.497,0.129,0.261,0.6809999999999999,0.268,0.38,0.491,0.508,0.129,.251,0.3170731707317073
2009,GSW,FALSE,-3.28,26,82,25.1,0.32,0.375,0.499,0.557,0.514,0.131,0.209,0.685,0.23,0.375,0.515,0.525,0.151,.260,0.43902439024390244
2010,GSW,FALSE,-2,36,82,25.2,0.33,0.392,0.484,0.544,0.51,0.133,0.267,0.693,0.183,0.358,0.501,0.509,0.145,.259,0.3484848484848485
2011,GSW,FALSE,-2.79,23,66,25.3,0.62,0.388,0.48,0.539,0.505,0.133,0.22899999999999998,0.691,0.175,0.365,0.48,0.496,0.136,.237,0.573170731707317
2012,GSW,TRUE,1.32,47,82,25.3,0.42,0.403,0.475,0.545,0.506,0.14,0.254,0.755,0.201,0.347,0.473,0.486,0.124,.211,0.6219512195121951
2013,GSW,TRUE,5.15,51,82,26.3,0.34,0.38,0.496,0.55,0.517,0.138,0.251,0.763,0.186,0.344,0.465,0.477,0.136,.224,0.8170731707317073
2014,GSW,TRUE,10.01,67,82,26.6,-0.09,0.398,0.514,0.571,0.54,0.131,0.24100000000000002,0.745,0.184,0.337,0.458,0.47,0.14300000000000002,.217,0.8902439024390244
2015,GSW,TRUE,10.38,73,82,27.4,-0.38,0.416,0.528,0.593,0.563,0.135,0.235,0.76,0.191,0.332,0.472,0.479,0.126,.208,0.8170731707317073
2016,GSW,TRUE,11.35,67,82,28.2,-0.28,0.383,0.557,0.597,0.563,0.132,0.228,0.7490000000000001,0.204,0.324,0.485,0.486,0.135,.198,0.7073170731707317
2017,GSW,TRUE,5.79,58,82,28.8,-0.19,0.391,0.56,0.603,0.569,0.141,0.21,0.763,0.195,0.357,0.49,0.504,0.126,.186,0.6951219512195121
2018,GSW,TRUE,6.42,57,82,28.4,-0.04,0.385,0.557,0.596,0.565,0.126,0.225,0.7709999999999999,0.182,0.347,0.5,0.508,0.11699999999999999,.205,0.23076923076923078
2019,GSW,FALSE,-8.12,15,65,24.4,0.59,0.334,0.495,0.54,0.497,0.132,0.215,0.764,0.212,0.389,0.533,0.553,0.13699999999999998,.193,0.5416666666666666
2020,GSW,FALSE,1.1,39,72,26.7,0.04,0.376,0.541,0.583,0.551,0.133,0.179,0.7659999999999999,0.188,0.359,0.511,0.522,0.131,.223,0.6463414634146342
2021,GSW,TRUE,5.52,53,82,27.6,-0.02,0.364,0.557,0.582,0.552,0.135,0.228,0.787,0.181,0.339,0.509,0.509,0.13,.201,NA
2005,HOU,FALSE,-1.3,34,82,28.8,0.28,0.332,0.463,0.519,0.471,0.14300000000000002,0.255,0.746,0.24,0.369,0.447,0.472,0.131,.247,0.6341463414634146
2006,HOU,TRUE,5.04,52,82,28.2,0.19,0.372,0.475,0.54,0.499,0.136,0.257,0.77,0.22,0.351,0.45,0.466,0.136,.230,0.6707317073170732
2007,HOU,TRUE,4.83,55,82,28.3,0.15,0.342,0.485,0.528,0.492,0.13,0.29100000000000004,0.748,0.2,0.365,0.447,0.465,0.128,.214,0.6463414634146342
2008,HOU,TRUE,3.73,53,82,27.9,-0.27,0.375,0.48,0.548,0.501,0.136,0.264,0.753,0.235,0.357,0.465,0.479,0.11900000000000001,.192,0.5121951219512195
2009,HOU,FALSE,-0.02,42,82,26,0.35,0.351,0.481,0.537,0.494,0.132,0.26899999999999996,0.738,0.225,0.364,0.503,0.511,0.136,.215,0.524390243902439
2010,HOU,FALSE,2.37,43,82,26.5,0.19,0.367,0.486,0.55,0.503,0.12300000000000001,0.27399999999999997,0.727,0.239,0.358,0.492,0.5,0.126,.219,0.5151515151515151
2011,HOU,FALSE,0.57,34,66,26.2,0.35,0.359,0.477,0.529,0.492,0.135,0.275,0.7340000000000001,0.184,0.325,0.491,0.49,0.138,.210,0.5487804878048781
2012,HOU,TRUE,3.69,45,82,24.4,0.22,0.366,0.511,0.564,0.525,0.149,0.264,0.752,0.232,0.368,0.484,0.502,0.135,.196,0.6585365853658537
2013,HOU,TRUE,5.06,54,82,25.4,0.5,0.358,0.529,0.571,0.531,0.146,0.27399999999999997,0.741,0.275,0.353,0.475,0.489,0.125,.193,0.6790123456790124
2014,HOU,TRUE,3.82,55,81,27.6,0.38,0.348,0.506,0.548,0.512,0.15,0.268,0.7290000000000001,0.223,0.322,0.487,0.486,0.146,.208,0.5
2015,HOU,TRUE,0.34,41,82,27.8,0.14,0.347,0.514,0.553,0.516,0.142,0.257,0.728,0.244,0.361,0.504,0.516,0.147,.219,0.6707317073170732
2016,HOU,TRUE,5.84,55,82,27.4,0.08,0.357,0.552,0.583,0.545,0.133,0.24600000000000002,0.758,0.233,0.343,0.522,0.519,0.132,.194,0.7926829268292683
2017,HOU,TRUE,8.21,65,82,29.8,-0.27,0.362,0.558,0.59,0.551,0.127,0.213,0.799,0.233,0.351,0.519,0.521,0.134,.171,0.6463414634146342
2018,HOU,TRUE,4.96,53,82,29.2,0.19,0.356,0.551,0.581,0.542,0.12,0.228,0.7440000000000001,0.221,0.34,0.532,0.525,0.134,.210,0.6111111111111112
2019,HOU,TRUE,3.13,44,72,29.2,0.17,0.345,0.557,0.578,0.537,0.126,0.21,0.7559999999999999,0.228,0.349,0.532,0.529,0.13699999999999998,.197,0.2361111111111111
2020,HOU,FALSE,-7.5,17,72,26.5,0.4,0.339,0.532,0.553,0.521,0.13,0.198,0.7709999999999999,0.187,0.382,0.544,0.555,0.129,.201,0.24390243902439024
2021,HOU,FALSE,-8.26,20,82,24.1,0.22,0.349,0.543,0.565,0.534,0.145,0.217,0.7440000000000001,0.202,0.353,0.57,0.554,0.12300000000000001,.206,NA
2005,IND,TRUE,1.62,41,82,27.3,-0.27,0.349,0.475,0.533,0.487,0.14800000000000002,0.271,0.726,0.254,0.343,0.454,0.464,0.13,.232,0.4268292682926829
2006,IND,FALSE,-2.62,35,82,27.2,-0.18,0.346,0.462,0.523,0.474,0.151,0.284,0.727,0.246,0.372,0.476,0.491,0.14800000000000002,.271,0.43902439024390244
2007,IND,FALSE,-1.87,36,82,26.7,-0.46,0.374,0.472,0.54,0.498,0.135,0.244,0.7390000000000001,0.224,0.386,0.474,0.498,0.141,.271,0.43902439024390244
2008,IND,FALSE,-0.76,36,82,26.5,0.35,0.378,0.48,0.545,0.501,0.131,0.254,0.745,0.215,0.375,0.481,0.499,0.127,.271,0.3902439024390244
2009,IND,FALSE,-3.11,32,82,26.6,-0.1,0.348,0.479,0.536,0.491,0.138,0.21600000000000003,0.73,0.229,0.363,0.476,0.49,0.134,.258,0.45121951219512196
2010,IND,TRUE,-1.38,37,82,25.9,-0.3,0.354,0.471,0.533,0.486,0.141,0.259,0.741,0.235,0.359,0.473,0.487,0.128,.237,0.6363636363636364
2011,IND,TRUE,2.6,42,66,26.3,-0.71,0.368,0.455,0.526,0.474,0.131,0.292,0.723,0.251,0.351,0.461,0.476,0.141,.222,0.6049382716049383
2012,IND,TRUE,3.34,49,81,25.7,-0.69,0.347,0.465,0.521,0.479,0.14300000000000002,0.303,0.746,0.219,0.327,0.444,0.453,0.129,.197,0.6829268292682927
2013,IND,TRUE,3.63,56,82,27.2,-0.77,0.357,0.477,0.535,0.49,0.14300000000000002,0.249,0.768,0.226,0.345,0.443,0.46,0.129,.197,0.4634146341463415
2014,IND,FALSE,-0.23,38,82,28.3,-0.51,0.352,0.469,0.523,0.484,0.131,0.24,0.779,0.201,0.345,0.465,0.478,0.12,.217,0.5487804878048781
2015,IND,TRUE,1.62,45,82,26.9,-0.09,0.351,0.486,0.536,0.497,0.135,0.23399999999999999,0.76,0.205,0.334,0.484,0.489,0.14300000000000002,.205,0.5121951219512195
2016,IND,TRUE,-0.64,42,82,27,-0.42,0.376,0.498,0.558,0.516,0.128,0.212,0.755,0.212,0.355,0.501,0.512,0.136,.225,0.5853658536585366
2017,IND,TRUE,1.18,48,82,26.2,-0.2,0.369,0.513,0.557,0.525,0.12300000000000001,0.22699999999999998,0.762,0.173,0.349,0.53,0.527,0.142,.174,0.5853658536585366
2018,IND,TRUE,2.76,48,82,27,-0.57,0.374,0.517,0.561,0.53,0.124,0.21899999999999997,0.762,0.182,0.354,0.507,0.516,0.141,.184,0.6164383561643836
2019,IND,TRUE,1.63,45,73,25.6,-0.33,0.363,0.529,0.565,0.534,0.12,0.2,0.767,0.17,0.341,0.511,0.511,0.13,.192,0.4722222222222222
2020,IND,FALSE,-0.13,34,72,26.5,-0.08,0.364,0.54,0.575,0.542,0.11900000000000001,0.20199999999999999,0.7490000000000001,0.18,0.366,0.521,0.531,0.127,.201,0.3048780487804878
2021,IND,FALSE,-3.26,25,82,26,0.22,0.344,0.541,0.564,0.531,0.127,0.255,0.762,0.184,0.372,0.547,0.552,0.11900000000000001,.204,NA
2005,LAC,TRUE,1.75,47,82,26.8,0.18,0.344,0.483,0.54,0.487,0.138,0.254,0.759,0.263,0.347,0.458,0.471,0.122,.240,0.4878048780487805
2006,LAC,FALSE,-0.07,40,82,27.5,0.39,0.348,0.474,0.537,0.481,0.145,0.272,0.747,0.28,0.339,0.482,0.488,0.133,.249,0.2804878048780488
2007,LAC,FALSE,-6.56,23,82,28.5,0.71,0.324,0.46,0.519,0.465,0.13699999999999998,0.231,0.731,0.264,0.349,0.498,0.503,0.128,.236,0.23170731707317074
2008,LAC,FALSE,-8.47,19,82,26.6,0.3,0.354,0.467,0.52,0.481,0.14,0.251,0.7120000000000001,0.202,0.375,0.499,0.512,0.124,.227,0.35365853658536583
2009,LAC,FALSE,-6.01,29,82,27.3,0.34,0.332,0.49,0.529,0.491,0.14800000000000002,0.271,0.74,0.206,0.363,0.499,0.509,0.122,.214,0.3902439024390244
2010,LAC,FALSE,-2.71,32,82,24.6,0.42,0.338,0.493,0.535,0.496,0.151,0.284,0.732,0.234,0.365,0.484,0.499,0.128,.250,0.6060606060606061
2011,LAC,TRUE,2.82,40,66,27.3,0.26,0.357,0.49,0.533,0.502,0.127,0.295,0.732,0.195,0.365,0.474,0.492,0.142,.245,0.6829268292682927
2012,LAC,TRUE,6.43,56,82,28.8,-0.02,0.358,0.522,0.557,0.526,0.139,0.28800000000000003,0.735,0.203,0.373,0.468,0.492,0.154,.229,0.6951219512195121
2013,LAC,TRUE,7.27,57,82,28.1,0.3,0.352,0.525,0.567,0.526,0.127,0.25,0.725,0.258,0.332,0.479,0.484,0.138,.222,0.6829268292682927
2014,LAC,TRUE,6.8,56,82,28.8,0.22,0.376,0.519,0.565,0.533,0.11599999999999999,0.228,0.757,0.215,0.349,0.481,0.493,0.132,.231,0.6463414634146342
2015,LAC,TRUE,4.13,53,82,29.7,-0.15,0.364,0.513,0.556,0.524,0.121,0.201,0.738,0.22,0.338,0.471,0.48,0.138,.222,0.6219512195121951
2016,LAC,TRUE,4.42,51,82,30,0.13,0.375,0.525,0.574,0.537,0.12,0.215,0.769,0.233,0.35,0.497,0.506,0.121,.211,0.5121951219512195
2017,LAC,FALSE,0.15,42,82,27,0.11,0.354,0.525,0.564,0.527,0.132,0.235,0.7609999999999999,0.222,0.356,0.512,0.52,0.126,.203,0.5853658536585366
2018,LAC,TRUE,1.09,48,82,27.2,0.23,0.388,0.507,0.575,0.529,0.127,0.22,0.76,0.258,0.343,0.513,0.514,0.114,.224,0.6805555555555556
2019,LAC,TRUE,6.66,49,72,27.4,0.21,0.371,0.522,0.577,0.535,0.126,0.235,0.7759999999999999,0.233,0.345,0.499,0.506,0.122,.206,0.6527777777777778
2020,LAC,TRUE,6.02,47,72,28.8,-0.16,0.411,0.529,0.599,0.564,0.122,0.22699999999999998,0.7909999999999999,0.186,0.356,0.529,0.531,0.11900000000000001,.186,0.5121951219512195
2021,LAC,FALSE,0.09,42,82,27.5,0.06,0.374,0.512,0.564,0.531,0.125,0.20600000000000002,0.7440000000000001,0.178,0.345,0.513,0.514,0.12,.167,NA
2005,LAL,TRUE,2.53,45,82,25.1,0.03,0.349,0.486,0.539,0.495,0.131,0.28800000000000003,0.736,0.245,0.353,0.475,0.486,0.134,.242,0.5121951219512195
2006,LAL,TRUE,0.24,42,82,25.3,0.32,0.353,0.505,0.554,0.511,0.14300000000000002,0.261,0.723,0.249,0.358,0.49,0.5,0.135,.262,0.6951219512195121
2007,LAL,TRUE,7.34,57,82,26.7,0.09,0.378,0.51,0.57,0.525,0.129,0.263,0.7340000000000001,0.256,0.362,0.469,0.485,0.129,.214,0.7926829268292683
2008,LAL,TRUE,7.11,65,82,27.4,-0.55,0.361,0.505,0.555,0.513,0.12300000000000001,0.294,0.73,0.23,0.345,0.481,0.49,0.142,.213,0.6951219512195121
2009,LAL,TRUE,4.78,57,82,28.4,0.06,0.341,0.492,0.538,0.496,0.124,0.276,0.7440000000000001,0.221,0.328,0.481,0.484,0.132,.195,0.6951219512195121
2010,LAL,TRUE,6.01,57,82,30.2,-0.1,0.352,0.494,0.545,0.502,0.12300000000000001,0.292,0.723,0.228,0.335,0.469,0.477,0.128,.181,0.6212121212121212
2011,LAL,TRUE,1.96,41,66,29.7,0.54,0.326,0.491,0.534,0.491,0.142,0.29100000000000004,0.748,0.226,0.348,0.463,0.476,0.107,.158,0.5487804878048781
2012,LAL,TRUE,1.48,45,82,30.7,0.32,0.355,0.503,0.548,0.512,0.139,0.27,0.743,0.239,0.357,0.483,0.496,0.11900000000000001,.163,0.32926829268292684
2013,LAL,FALSE,-5.33,27,82,26.8,0.96,0.381,0.478,0.542,0.505,0.13699999999999998,0.20199999999999999,0.71,0.199,0.361,0.504,0.513,0.124,.192,0.25609756097560976
2014,LAL,FALSE,-6.17,21,82,27,0.67,0.344,0.461,0.513,0.473,0.121,0.254,0.763,0.204,0.363,0.507,0.518,0.121,.231,0.2073170731707317
2015,LAL,FALSE,-8.92,17,82,26.5,0.64,0.317,0.454,0.509,0.46,0.125,0.231,0.747,0.228,0.347,0.524,0.523,0.11599999999999999,.202,0.3170731707317073
2016,LAL,FALSE,-6.29,26,82,25.1,0.58,0.346,0.493,0.537,0.501,0.135,0.25,0.758,0.195,0.37,0.536,0.542,0.13,.213,0.4268292682926829
2017,LAL,FALSE,-1.44,35,82,23.7,0.11,0.345,0.517,0.548,0.517,0.138,0.23600000000000002,0.777,0.188,0.346,0.512,0.514,0.125,.190,0.45121951219512196
2018,LAL,FALSE,-1.33,37,82,26.2,0.39,0.333,0.541,0.554,0.527,0.134,0.222,0.764,0.18,0.349,0.511,0.516,0.122,.192,0.7323943661971831
2019,LAL,TRUE,6.28,52,71,29.5,0.49,0.349,0.552,0.573,0.542,0.133,0.245,0.7879999999999999,0.201,0.349,0.51,0.515,0.141,.205,0.5833333333333334
2020,LAL,TRUE,2.77,42,72,28.2,-0.03,0.354,0.539,0.569,0.536,0.136,0.225,0.797,0.2,0.352,0.524,0.526,0.13699999999999998,.184,0.4024390243902439
2021,LAL,FALSE,-3.08,33,82,30.2,-0.03,0.347,0.546,0.567,0.537,0.128,0.21100000000000002,0.758,0.19,0.352,0.548,0.54,0.122,.192,NA
2005,MEM,TRUE,3.74,49,82,28.1,0.05,0.374,0.474,0.537,0.496,0.139,0.258,0.72,0.241,0.334,0.461,0.469,0.147,.237,0.2682926829268293
2006,MEM,FALSE,-4.44,22,82,26.2,0.71,0.367,0.491,0.555,0.504,0.152,0.259,0.711,0.285,0.389,0.513,0.529,0.14,.237,0.2682926829268293
2007,MEM,FALSE,-5.76,22,82,24.5,0.45,0.349,0.492,0.539,0.5,0.14,0.23800000000000002,0.7340000000000001,0.225,0.364,0.514,0.521,0.122,.196,0.2926829268292683
2008,MEM,FALSE,-5.23,24,82,23.3,0.24,0.36,0.474,0.533,0.486,0.14800000000000002,0.258,0.735,0.249,0.355,0.51,0.515,0.141,.247,0.4878048780487805
2009,MEM,FALSE,-1.39,40,82,24.1,0.13,0.337,0.492,0.536,0.494,0.13699999999999998,0.313,0.733,0.235,0.354,0.517,0.52,0.132,.205,0.5609756097560976
2010,MEM,TRUE,2.55,46,82,25.2,0.2,0.334,0.492,0.534,0.493,0.13,0.289,0.725,0.218,0.369,0.486,0.502,0.157,.228,0.6212121212121212
2011,MEM,TRUE,2.43,41,66,25.6,0.42,0.326,0.47,0.515,0.473,0.136,0.298,0.727,0.211,0.345,0.474,0.485,0.163,.227,0.6829268292682927
2012,MEM,TRUE,4.32,56,82,27,0.18,0.345,0.463,0.514,0.472,0.133,0.31,0.743,0.202,0.338,0.465,0.475,0.152,.209,0.6097560975609756
2013,MEM,TRUE,2.18,50,82,28.5,0.61,0.353,0.487,0.529,0.494,0.131,0.28300000000000003,0.757,0.184,0.355,0.484,0.497,0.138,.199,0.6707317073170732
2014,MEM,TRUE,3.62,55,82,29.6,0.38,0.339,0.485,0.531,0.489,0.126,0.247,0.753,0.214,0.351,0.478,0.492,0.145,.183,0.5121951219512195
2015,MEM,TRUE,-2.14,42,82,30.5,0.11,0.331,0.471,0.524,0.477,0.12300000000000001,0.253,0.7509999999999999,0.231,0.365,0.503,0.518,0.152,.251,0.524390243902439
2016,MEM,TRUE,0.96,43,82,29.5,0.47,0.354,0.473,0.535,0.491,0.121,0.248,0.775,0.219,0.354,0.492,0.506,0.136,.256,0.2682926829268293
2017,MEM,FALSE,-5.81,22,82,26,0.39,0.352,0.486,0.539,0.5,0.14,0.22399999999999998,0.765,0.201,0.368,0.516,0.529,0.138,.256,0.4024390243902439
2018,MEM,FALSE,-2.08,33,82,27.7,0.51,0.342,0.505,0.548,0.508,0.129,0.2,0.7759999999999999,0.21,0.36,0.508,0.521,0.139,.232,0.4657534246575342
2019,MEM,FALSE,-0.91,34,73,24.1,0.16,0.347,0.532,0.561,0.528,0.132,0.23,0.778,0.183,0.365,0.504,0.521,0.127,.217,0.5277777777777778
2020,MEM,TRUE,1.07,38,72,24.2,0.04,0.356,0.525,0.56,0.528,0.11599999999999999,0.242,0.7829999999999999,0.179,0.367,0.525,0.535,0.131,.196,0.6829268292682927
2021,MEM,TRUE,5.37,56,82,24,-0.32,0.353,0.519,0.553,0.522,0.11199999999999999,0.3,0.778,0.18,0.349,0.522,0.523,0.133,.195,NA
2005,MIA,TRUE,3.59,52,82,29.2,-0.27,0.345,0.517,0.556,0.517,0.139,0.267,0.764,0.254,0.361,0.461,0.477,0.124,.251,0.5365853658536586
2006,MIA,TRUE,-1.21,44,82,29.3,-0.29,0.343,0.503,0.541,0.506,0.14300000000000002,0.249,0.733,0.222,0.355,0.471,0.485,0.138,.232,0.18292682926829268
2007,MIA,FALSE,-8.53,15,82,27.4,0.11,0.358,0.467,0.522,0.482,0.14400000000000002,0.221,0.7190000000000001,0.218,0.369,0.497,0.51,0.136,.245,0.524390243902439
2008,MIA,TRUE,0.49,43,82,25.6,0.23,0.357,0.489,0.54,0.5,0.121,0.24600000000000002,0.7290000000000001,0.212,0.389,0.476,0.501,0.145,.251,0.573170731707317
2009,MIA,TRUE,1.99,47,82,27.1,-0.29,0.346,0.489,0.537,0.496,0.128,0.261,0.7490000000000001,0.223,0.342,0.469,0.48,0.139,.246,0.7073170731707317
2010,MIA,TRUE,6.76,58,82,29,-0.71,0.37,0.515,0.573,0.524,0.135,0.252,0.755,0.279,0.345,0.462,0.475,0.126,.223,0.696969696969697
2011,MIA,TRUE,5.72,46,66,28.3,-0.27,0.359,0.496,0.549,0.505,0.145,0.266,0.7390000000000001,0.238,0.363,0.457,0.479,0.158,.200,0.8048780487804879
2012,MIA,TRUE,7.03,66,82,30.3,-0.84,0.396,0.536,0.588,0.552,0.13699999999999998,0.222,0.73,0.224,0.35,0.473,0.487,0.14800000000000002,.200,0.6585365853658537
2013,MIA,TRUE,4.15,54,82,30.6,-0.61,0.364,0.558,0.59,0.554,0.146,0.20600000000000002,0.73,0.228,0.362,0.497,0.511,0.158,.212,0.45121951219512196
2014,MIA,FALSE,-2.92,37,82,28.5,-0.32,0.335,0.499,0.54,0.5,0.145,0.23199999999999998,0.7340000000000001,0.227,0.353,0.495,0.505,0.142,.213,0.5853658536585366
2015,MIA,TRUE,1.5,48,82,28.4,-0.14,0.336,0.508,0.545,0.508,0.133,0.23800000000000002,0.778,0.21,0.347,0.474,0.485,0.121,.196,0.5
2016,MIA,FALSE,0.77,41,82,26.5,-0.29,0.365,0.496,0.541,0.512,0.124,0.242,0.764,0.177,0.343,0.49,0.496,0.126,.220,0.5365853658536586
2017,MIA,TRUE,0.15,44,82,26.5,-0.33,0.36,0.508,0.551,0.52,0.133,0.215,0.79,0.173,0.36,0.491,0.507,0.131,.215,0.47560975609756095
2018,MIA,FALSE,-0.45,39,82,27,-0.22,0.349,0.509,0.542,0.515,0.131,0.248,0.7759999999999999,0.172,0.358,0.493,0.51,0.127,.201,0.6027397260273972
2019,MIA,TRUE,2.59,44,73,25.9,-0.35,0.379,0.532,0.587,0.547,0.135,0.203,0.795,0.234,0.347,0.525,0.523,0.126,.213,0.5555555555555556
2020,MIA,TRUE,-0.06,40,72,27.4,-0.09,0.358,0.553,0.581,0.546,0.131,0.19399999999999998,0.779,0.199,0.365,0.538,0.542,0.138,.183,0.6463414634146342
2021,MIA,TRUE,4.23,53,82,28.2,-0.22,0.379,0.531,0.584,0.547,0.134,0.235,0.78,0.204,0.339,0.537,0.524,0.138,.209,NA
2005,MIL,TRUE,-1.07,40,82,25.5,-0.04,0.38,0.472,0.535,0.492,0.138,0.273,0.746,0.238,0.354,0.497,0.504,0.138,.262,0.34146341463414637
2006,MIL,FALSE,-4.43,28,82,26,-0.06,0.356,0.495,0.541,0.504,0.141,0.276,0.6809999999999999,0.209,0.368,0.513,0.522,0.145,.234,0.3170731707317073
2007,MIL,FALSE,-6.92,26,82,25.8,-0.03,0.344,0.474,0.522,0.482,0.13699999999999998,0.3,0.73,0.215,0.384,0.509,0.524,0.13,.250,0.4146341463414634
2008,MIL,FALSE,-0.88,34,82,26.3,0.21,0.363,0.467,0.531,0.483,0.131,0.278,0.74,0.239,0.378,0.483,0.503,0.156,.315,0.5609756097560976
2009,MIL,TRUE,1.37,46,82,26.4,-0.32,0.356,0.464,0.518,0.482,0.12300000000000001,0.262,0.764,0.181,0.343,0.478,0.486,0.146,.266,0.4268292682926829
2010,MIL,FALSE,-1.02,35,82,26.7,-0.17,0.342,0.454,0.511,0.467,0.13,0.247,0.748,0.217,0.334,0.476,0.481,0.147,.236,0.4696969696969697
2011,MIL,FALSE,-0.23,31,66,26.2,-0.5,0.345,0.471,0.521,0.481,0.129,0.27699999999999997,0.7090000000000001,0.194,0.351,0.478,0.489,0.146,.217,0.4634146341463415
2012,MIL,TRUE,-1.83,38,82,26.4,-0.33,0.36,0.457,0.51,0.476,0.127,0.27899999999999997,0.713,0.174,0.348,0.483,0.492,0.14400000000000002,.201,0.18292682926829268
2013,MIL,FALSE,-8.41,15,82,24.7,-0.23,0.353,0.464,0.519,0.479,0.141,0.271,0.7140000000000001,0.204,0.382,0.5,0.52,0.132,.225,0.5
2014,MIL,TRUE,-0.09,41,82,24.6,-0.52,0.363,0.486,0.536,0.499,0.155,0.254,0.733,0.195,0.342,0.476,0.487,0.159,.221,0.4024390243902439
2015,MIL,FALSE,-3.98,33,82,23.5,0.2,0.345,0.495,0.537,0.499,0.142,0.249,0.731,0.207,0.352,0.502,0.51,0.142,.221,0.5121951219512195
2016,MIL,TRUE,-0.45,42,82,25.6,-0.26,0.37,0.516,0.565,0.527,0.132,0.215,0.754,0.21,0.353,0.512,0.518,0.136,.215,0.5365853658536586
2017,MIL,TRUE,-0.45,44,82,25.9,-0.15,0.355,0.531,0.571,0.531,0.129,0.204,0.759,0.22,0.372,0.513,0.528,0.142,.220,0.7317073170731707
2018,MIL,TRUE,8.04,60,82,26.9,-0.82,0.353,0.565,0.583,0.55,0.12,0.20800000000000002,0.8029999999999999,0.197,0.361,0.479,0.503,0.115,.162,0.7671232876712328
2019,MIL,TRUE,9.41,56,73,29.2,-0.67,0.355,0.567,0.583,0.552,0.129,0.207,0.816,0.201,0.355,0.457,0.489,0.12,.178,0.6388888888888888
2020,MIL,TRUE,5.57,46,72,28.1,-0.32,0.389,0.554,0.593,0.566,0.12,0.233,0.797,0.177,0.384,0.507,0.536,0.115,.157,0.6219512195121951
2021,MIL,TRUE,3.22,51,82,28.5,-0.14,0.366,0.544,0.58,0.546,0.11900000000000001,0.23,0.7859999999999999,0.199,0.356,0.537,0.536,0.11599999999999999,.165,NA
2005,MIN,FALSE,-1.75,33,82,26.7,0.13,0.329,0.478,0.524,0.48,0.142,0.252,0.713,0.226,0.364,0.459,0.475,0.134,.236,0.3902439024390244
2006,MIN,FALSE,-3.16,32,82,27.7,0.51,0.353,0.483,0.537,0.49,0.14800000000000002,0.251,0.721,0.231,0.348,0.492,0.498,0.133,.226,0.2682926829268293
2007,MIN,FALSE,-6.26,22,82,24.6,0.52,0.35,0.474,0.518,0.484,0.136,0.275,0.736,0.183,0.357,0.507,0.513,0.129,.269,0.2926829268292683
2008,MIN,FALSE,-4.74,24,82,25.4,0.18,0.353,0.467,0.526,0.481,0.133,0.27699999999999997,0.75,0.222,0.377,0.5,0.515,0.12,.254,0.18292682926829268
2009,MIN,FALSE,-9.06,15,82,24.1,0.54,0.341,0.471,0.518,0.478,0.146,0.267,0.736,0.207,0.366,0.517,0.525,0.13,.220,0.2073170731707317
2010,MIN,FALSE,-5.97,17,82,23.8,0.67,0.376,0.459,0.526,0.483,0.151,0.29600000000000004,0.737,0.217,0.374,0.499,0.514,0.131,.251,0.3939393939393939
2011,MIN,FALSE,-1.83,26,66,24.4,0.37,0.332,0.469,0.524,0.477,0.14,0.275,0.73,0.236,0.34,0.486,0.491,0.122,.187,0.3780487804878049
2012,MIN,FALSE,-1.83,31,82,26.4,0.54,0.305,0.477,0.516,0.473,0.138,0.27399999999999997,0.74,0.226,0.369,0.498,0.511,0.15,.187,0.4878048780487805
2013,MIN,FALSE,3.1,40,82,26.3,0.43,0.341,0.478,0.535,0.486,0.122,0.27399999999999997,0.7440000000000001,0.249,0.364,0.508,0.518,0.14800000000000002,.177,0.1951219512195122
2014,MIN,FALSE,-8,16,82,24.4,0.79,0.332,0.461,0.517,0.468,0.13699999999999998,0.266,0.716,0.24,0.367,0.531,0.537,0.139,.187,0.35802469135802467
2015,MIN,FALSE,-3.38,29,81,24.6,0.15,0.338,0.496,0.549,0.498,0.139,0.243,0.747,0.263,0.355,0.52,0.524,0.136,.200,0.3780487804878049
2016,MIN,FALSE,-0.64,31,82,24,0.47,0.349,0.507,0.555,0.511,0.129,0.272,0.759,0.229,0.366,0.528,0.535,0.132,.212,0.573170731707317
2017,MIN,TRUE,2.35,47,82,27.1,0.12,0.357,0.519,0.566,0.523,0.114,0.244,0.764,0.225,0.366,0.534,0.539,0.139,.189,0.43902439024390244
2018,MIN,FALSE,-1.02,36,82,26.2,0.48,0.351,0.504,0.552,0.511,0.114,0.24600000000000002,0.7490000000000001,0.21,0.378,0.52,0.538,0.129,.190,0.296875
2019,MIN,FALSE,-4.02,19,64,24.8,0.28,0.336,0.521,0.551,0.514,0.13,0.221,0.772,0.209,0.363,0.539,0.541,0.132,.218,0.3194444444444444
2020,MIN,FALSE,-5.25,23,72,23.2,0.31,0.349,0.518,0.555,0.52,0.124,0.22699999999999998,0.768,0.193,0.392,0.536,0.556,0.133,.207,0.5609756097560976
2021,MIN,TRUE,2.53,46,82,24.2,-0.1,0.358,0.54,0.573,0.539,0.124,0.244,0.7490000000000001,0.198,0.35,0.543,0.535,0.142,.227,NA
2005,NOP,FALSE,-2.51,38,82,26.3,0.31,0.339,0.457,0.515,0.464,0.129,0.26899999999999996,0.7340000000000001,0.257,0.367,0.487,0.502,0.14300000000000002,.243,0.47560975609756095
2006,NOP,FALSE,-1.19,39,82,26.4,0.38,0.362,0.464,0.52,0.479,0.136,0.29100000000000004,0.747,0.215,0.355,0.489,0.499,0.132,.212,0.6829268292682927
2007,NOP,TRUE,5.46,56,82,27.1,0.18,0.389,0.49,0.548,0.512,0.114,0.27,0.754,0.193,0.351,0.494,0.501,0.135,.184,0.5975609756097561
2008,NOP,TRUE,1.41,49,82,28.2,-0.14,0.364,0.487,0.548,0.501,0.125,0.24600000000000002,0.7490000000000001,0.232,0.354,0.484,0.496,0.132,.230,0.45121951219512196
2009,NOP,FALSE,-2.27,37,82,27.5,0.19,0.363,0.495,0.543,0.506,0.127,0.248,0.738,0.189,0.355,0.52,0.523,0.135,.205,0.5609756097560976
2010,NOP,TRUE,1.28,46,82,26.3,0.39,0.36,0.482,0.537,0.493,0.128,0.251,0.762,0.226,0.357,0.49,0.501,0.14400000000000002,.220,0.3181818181818182
2011,NOP,FALSE,-3.11,21,66,25.5,0.65,0.333,0.472,0.517,0.476,0.152,0.275,0.731,0.207,0.317,0.489,0.485,0.135,.218,0.32926829268292684
2012,NOP,FALSE,-3.12,27,82,24,0.75,0.363,0.473,0.528,0.489,0.14,0.292,0.7440000000000001,0.193,0.374,0.505,0.52,0.131,.208,0.4146341463414634
2013,NOP,FALSE,-1.98,34,82,24.3,0.73,0.373,0.479,0.537,0.495,0.129,0.26899999999999996,0.738,0.22,0.357,0.507,0.515,0.136,.249,0.5487804878048781
2014,NOP,TRUE,1.13,45,82,25.3,0.34,0.37,0.484,0.537,0.501,0.125,0.271,0.7509999999999999,0.198,0.335,0.494,0.496,0.11699999999999999,.195,0.36585365853658536
2015,NOP,FALSE,-3.56,30,82,26.6,0.24,0.36,0.482,0.537,0.498,0.12300000000000001,0.212,0.7879999999999999,0.201,0.369,0.51,0.523,0.127,.225,0.4146341463414634
2016,NOP,FALSE,-1.69,34,82,25.7,0.41,0.35,0.495,0.539,0.504,0.11699999999999999,0.185,0.768,0.192,0.353,0.499,0.509,0.124,.177,0.5853658536585366
2017,NOP,TRUE,1.48,48,82,27.6,0.18,0.362,0.54,0.573,0.541,0.133,0.2,0.767,0.183,0.355,0.503,0.513,0.125,.175,0.4024390243902439
2018,NOP,FALSE,-1.1,33,82,25.7,0.23,0.344,0.536,0.563,0.529,0.126,0.24100000000000002,0.768,0.193,0.364,0.525,0.532,0.11599999999999999,.193,0.4166666666666667
2019,NOP,FALSE,-0.55,30,72,25.4,0.74,0.37,0.528,0.568,0.539,0.139,0.242,0.778,0.186,0.361,0.526,0.532,0.124,.212,0.4305555555555556
2020,NOP,FALSE,-0.2,31,72,24.8,0.1,0.348,0.544,0.57,0.537,0.127,0.263,0.8,0.214,0.38,0.535,0.55,0.11900000000000001,.186,0.43902439024390244
2021,NOP,TRUE,-0.84,36,82,25.6,0.15,0.332,0.528,0.557,0.517,0.125,0.26899999999999996,0.782,0.208,0.365,0.546,0.547,0.13,.196,NA
2005,NYK,FALSE,-6.3,23,82,25.6,0.11,0.362,0.47,0.534,0.481,0.165,0.312,0.728,0.303,0.378,0.494,0.511,0.134,.294,0.4024390243902439
2006,NYK,FALSE,-3.06,33,82,25.4,-0.21,0.346,0.487,0.539,0.494,0.159,0.31,0.74,0.27,0.376,0.485,0.504,0.13,.246,0.2804878048780488
2007,NYK,FALSE,-6.55,23,82,25.7,0.06,0.337,0.467,0.518,0.475,0.134,0.28600000000000003,0.727,0.226,0.369,0.507,0.518,0.121,.229,0.3902439024390244
2008,NYK,FALSE,-2.33,32,82,25.7,0.28,0.36,0.486,0.544,0.503,0.129,0.244,0.727,0.21,0.351,0.518,0.52,0.13,.215,0.35365853658536583
2009,NYK,FALSE,-4.01,29,82,25.4,-0.19,0.346,0.504,0.547,0.509,0.13,0.235,0.721,0.2,0.352,0.525,0.526,0.133,.207,0.5121951219512195
2010,NYK,TRUE,0.48,42,82,25.3,-0.3,0.368,0.496,0.561,0.513,0.126,0.242,0.7190000000000001,0.246,0.372,0.499,0.511,0.138,.240,0.5454545454545454
2011,NYK,TRUE,2.39,36,66,26.3,-0.81,0.336,0.487,0.533,0.492,0.149,0.266,0.737,0.227,0.359,0.468,0.485,0.159,.224,0.6585365853658537
2012,NYK,TRUE,3.73,54,82,30.2,-0.5,0.376,0.487,0.55,0.515,0.11699999999999999,0.256,0.747,0.196,0.357,0.498,0.508,0.14800000000000002,.216,0.45121951219512196
2013,NYK,FALSE,-1.4,37,82,28.3,-0.61,0.372,0.482,0.541,0.505,0.125,0.251,0.743,0.189,0.371,0.496,0.514,0.14,.245,0.2073170731707317
2014,NYK,FALSE,-9.5,17,82,26.9,-0.18,0.347,0.454,0.508,0.47,0.14,0.245,0.731,0.18,0.38,0.49,0.512,0.133,.234,0.3902439024390244
2015,NYK,FALSE,-2.74,32,82,27.2,0,0.346,0.471,0.527,0.483,0.126,0.237,0.758,0.205,0.341,0.479,0.487,0.105,.204,0.3780487804878049
2016,NYK,FALSE,-3.87,31,82,27.3,-0.2,0.348,0.485,0.534,0.496,0.124,0.266,0.741,0.188,0.348,0.506,0.511,0.11699999999999999,.214,0.35365853658536583
2017,NYK,FALSE,-3.53,29,82,26.3,0.03,0.352,0.504,0.544,0.51,0.133,0.24100000000000002,0.767,0.17,0.368,0.505,0.522,0.122,.208,0.2073170731707317
2018,NYK,FALSE,-8.93,17,82,23.4,0.28,0.34,0.479,0.529,0.49,0.124,0.221,0.7609999999999999,0.205,0.363,0.527,0.533,0.11699999999999999,.203,0.3181818181818182
2019,NYK,FALSE,-6.72,21,66,24.5,-0.26,0.337,0.499,0.531,0.501,0.126,0.258,0.7829999999999999,0.182,0.381,0.52,0.541,0.124,.224,0.5694444444444444
2020,NYK,TRUE,2.13,41,72,25.6,-0.18,0.392,0.49,0.559,0.524,0.11900000000000001,0.21899999999999997,0.7859999999999999,0.19,0.337,0.512,0.509,0.11699999999999999,.196,0.45121951219512196
2021,NYK,FALSE,-0.01,37,82,26,0.11,0.357,0.497,0.55,0.513,0.12,0.251,0.7879999999999999,0.208,0.342,0.527,0.521,0.11699999999999999,.198,NA
2005,OKC,FALSE,-2.88,35,82,25.6,0.15,0.371,0.487,0.551,0.504,0.13699999999999998,0.304,0.69,0.246,0.375,0.516,0.527,0.136,.260,0.3780487804878049
2006,OKC,FALSE,-2.45,31,82,25.9,0.45,0.362,0.487,0.544,0.499,0.145,0.278,0.7090000000000001,0.228,0.361,0.508,0.515,0.141,.243,0.24390243902439024
2007,OKC,FALSE,-8.04,20,82,25.4,0.72,0.333,0.462,0.509,0.467,0.14300000000000002,0.268,0.737,0.204,0.385,0.482,0.503,0.11900000000000001,.215,0.2804878048780488
2008,OKC,FALSE,-6.04,23,82,24.5,0.06,0.346,0.463,0.521,0.471,0.14800000000000002,0.28600000000000003,0.7390000000000001,0.242,0.364,0.505,0.514,0.13,.216,0.6097560975609756
2009,OKC,TRUE,3.55,50,82,23.2,0.06,0.34,0.49,0.547,0.494,0.139,0.28600000000000003,0.736,0.268,0.34,0.476,0.483,0.14,.229,0.6707317073170732
2010,OKC,TRUE,3.81,55,82,23.7,0.02,0.347,0.495,0.561,0.501,0.131,0.27399999999999997,0.736,0.299,0.361,0.481,0.493,0.129,.228,0.7121212121212122
2011,OKC,TRUE,6.44,47,66,25.1,0.32,0.358,0.509,0.567,0.516,0.153,0.278,0.721,0.269,0.342,0.451,0.465,0.13,.207,0.7317073170731707
2012,OKC,TRUE,9.15,60,82,26,-0.06,0.377,0.514,0.58,0.527,0.14400000000000002,0.267,0.7340000000000001,0.28,0.346,0.452,0.469,0.135,.197,0.7195121951219512
2013,OKC,TRUE,6.66,59,82,26.2,0.32,0.361,0.512,0.566,0.52,0.14,0.265,0.7559999999999999,0.244,0.358,0.468,0.488,0.139,.221,0.5487804878048781
2014,OKC,FALSE,2.47,45,82,25.4,0.28,0.339,0.486,0.532,0.492,0.131,0.289,0.7559999999999999,0.214,0.343,0.479,0.489,0.124,.213,0.6707317073170732
2015,OKC,TRUE,7.09,55,82,25.8,-0.19,0.349,0.524,0.565,0.524,0.14,0.311,0.76,0.228,0.342,0.474,0.484,0.11699999999999999,.205,0.573170731707317
2016,OKC,TRUE,1.14,47,82,24.7,0.39,0.327,0.504,0.54,0.5,0.132,0.27899999999999997,0.79,0.22,0.356,0.502,0.511,0.125,.218,0.5853658536585366
2017,OKC,TRUE,3.42,48,82,27.3,0,0.354,0.505,0.546,0.514,0.124,0.27699999999999997,0.774,0.197,0.367,0.511,0.525,0.147,.193,0.5975609756097561
2018,OKC,TRUE,3.56,49,82,25.7,0.15,0.348,0.51,0.545,0.514,0.11699999999999999,0.26,0.782,0.19,0.356,0.517,0.523,0.14400000000000002,.206,0.6111111111111112
2019,OKC,TRUE,2.33,44,72,25.5,0.34,0.355,0.529,0.573,0.53,0.124,0.193,0.768,0.231,0.34,0.523,0.518,0.126,.173,0.3055555555555556
2020,OKC,FALSE,-10.13,22,72,22.8,0.51,0.339,0.509,0.539,0.509,0.142,0.212,0.779,0.176,0.364,0.548,0.547,0.115,.167,0.2926829268292683
2021,OKC,FALSE,-7.9,24,82,22.4,0.2,0.323,0.507,0.53,0.497,0.125,0.218,0.7609999999999999,0.169,0.353,0.536,0.533,0.11800000000000001,.169,NA
2005,ORL,FALSE,-1.26,36,82,25.5,-0.18,0.376,0.486,0.543,0.496,0.147,0.285,0.725,0.27,0.357,0.478,0.49,0.13,.264,0.4878048780487805
2006,ORL,TRUE,0.35,40,82,25.6,-0.43,0.356,0.494,0.544,0.5,0.163,0.293,0.737,0.276,0.353,0.466,0.48,0.146,.286,0.6341463414634146
2007,ORL,TRUE,4.79,52,82,26.7,-0.68,0.386,0.516,0.575,0.537,0.136,0.23399999999999999,0.748,0.256,0.358,0.469,0.484,0.12300000000000001,.217,0.7195121951219512
2008,ORL,TRUE,6.48,59,82,27.3,-0.21,0.381,0.495,0.559,0.52,0.134,0.24,0.759,0.251,0.342,0.454,0.465,0.12300000000000001,.209,0.7195121951219512
2009,ORL,TRUE,7.12,59,82,27.9,-0.37,0.375,0.521,0.573,0.536,0.136,0.24600000000000002,0.774,0.246,0.363,0.459,0.477,0.122,.205,0.6341463414634146
2010,ORL,TRUE,4.92,52,82,27.6,-0.54,0.366,0.507,0.554,0.521,0.14300000000000002,0.261,0.769,0.227,0.35,0.461,0.475,0.133,.219,0.5606060606060606
2011,ORL,TRUE,0.46,37,66,27.5,-0.33,0.375,0.475,0.533,0.506,0.145,0.265,0.755,0.193,0.347,0.478,0.488,0.129,.190,0.24390243902439024
2012,ORL,FALSE,-7.12,20,82,24.6,-0.14,0.329,0.482,0.514,0.485,0.13699999999999998,0.254,0.746,0.149,0.359,0.498,0.508,0.11800000000000001,.195,0.2804878048780488
2013,ORL,FALSE,-5.88,23,82,24.6,-0.44,0.353,0.474,0.525,0.487,0.139,0.22399999999999998,0.755,0.193,0.371,0.485,0.504,0.13,.211,0.2926829268292683
2014,ORL,FALSE,-5.87,24,82,24.3,-0.15,0.347,0.486,0.524,0.494,0.14,0.231,0.76,0.168,0.368,0.499,0.514,0.136,.210,0.4268292682926829
2015,ORL,FALSE,-1.68,35,82,23.9,-0.06,0.35,0.492,0.533,0.5,0.128,0.231,0.765,0.175,0.359,0.503,0.513,0.138,.215,0.35365853658536583
2016,ORL,FALSE,-6.61,29,82,25.3,-0.04,0.328,0.488,0.524,0.489,0.121,0.21600000000000003,0.774,0.184,0.367,0.51,0.523,0.11900000000000001,.201,0.3048780487804878
2017,ORL,FALSE,-4.92,25,82,25.6,-0.1,0.351,0.504,0.545,0.512,0.133,0.2,0.7559999999999999,0.18,0.362,0.516,0.525,0.128,.187,0.5121951219512195
2018,ORL,TRUE,0.28,42,82,25.7,-0.43,0.356,0.509,0.55,0.518,0.11900000000000001,0.22,0.797,0.168,0.347,0.513,0.515,0.11800000000000001,.186,0.4520547945205479
2019,ORL,TRUE,-0.93,33,73,26.1,0.09,0.343,0.502,0.544,0.506,0.115,0.223,0.7909999999999999,0.198,0.364,0.529,0.535,0.132,.176,0.2916666666666667
2020,ORL,FALSE,-9.02,21,72,25.6,0.29,0.343,0.476,0.527,0.49,0.115,0.21600000000000003,0.782,0.186,0.373,0.539,0.547,0.115,.169,0.2682926829268293
2021,ORL,FALSE,-7.67,22,82,23.3,0.33,0.331,0.507,0.538,0.503,0.13,0.198,0.772,0.175,0.363,0.524,0.532,0.11699999999999999,.196,NA
2005,PHI,FALSE,-2.1,38,82,26.5,-0.15,0.364,0.476,0.538,0.487,0.133,0.256,0.713,0.27,0.351,0.493,0.5,0.14300000000000002,.240,0.4268292682926829
2006,PHI,FALSE,-3.26,35,82,26.2,-0.23,0.345,0.474,0.53,0.48,0.146,0.272,0.708,0.255,0.353,0.493,0.501,0.147,.221,0.4878048780487805
2007,PHI,TRUE,0.19,40,82,25.3,-0.23,0.317,0.483,0.522,0.482,0.134,0.318,0.72,0.227,0.36,0.493,0.504,0.151,.205,0.5
2008,PHI,TRUE,0.16,41,82,26.1,0.09,0.318,0.486,0.532,0.485,0.134,0.313,0.7140000000000001,0.253,0.367,0.493,0.507,0.149,.216,0.32926829268292684
2009,PHI,FALSE,-3.93,27,82,25.4,-0.03,0.343,0.491,0.534,0.496,0.13699999999999998,0.276,0.732,0.204,0.393,0.497,0.518,0.138,.231,0.5
2010,PHI,TRUE,1.01,41,82,24.7,-0.5,0.355,0.485,0.535,0.494,0.12300000000000001,0.24600000000000002,0.745,0.21,0.34,0.48,0.487,0.135,.231,0.5303030303030303
2011,PHI,TRUE,3.59,35,66,24.9,-0.65,0.362,0.466,0.511,0.48,0.109,0.244,0.752,0.161,0.334,0.45,0.46,0.135,.192,0.4146341463414634
2012,PHI,FALSE,-3.51,34,82,25.2,-0.17,0.36,0.466,0.509,0.481,0.125,0.249,0.7340000000000001,0.146,0.349,0.487,0.495,0.13699999999999998,.200,0.23170731707317074
2013,PHI,FALSE,-10.66,19,82,23.4,-0.21,0.312,0.477,0.51,0.475,0.14800000000000002,0.248,0.7240000000000001,0.19,0.37,0.511,0.524,0.149,.244,0.21951219512195122
2014,PHI,FALSE,-9.04,18,82,23.2,-0.07,0.32,0.449,0.494,0.459,0.16,0.255,0.73,0.195,0.35,0.487,0.497,0.152,.225,0.12195121951219512
2015,PHI,FALSE,-9.92,10,82,23.3,0.31,0.339,0.476,0.519,0.487,0.14800000000000002,0.20600000000000002,0.74,0.186,0.359,0.5,0.51,0.135,.240,0.34146341463414637
2016,PHI,FALSE,-5.83,28,82,24.6,-0.14,0.34,0.496,0.539,0.501,0.149,0.22399999999999998,0.753,0.199,0.357,0.503,0.512,0.135,.234,0.6341463414634146
2017,PHI,TRUE,4.3,52,82,25.8,-0.2,0.369,0.526,0.568,0.535,0.146,0.253,0.7859999999999999,0.198,0.342,0.482,0.492,0.126,.218,0.6219512195121951
2018,PHI,TRUE,2.25,51,82,26.4,-0.44,0.359,0.529,0.574,0.532,0.129,0.245,0.7859999999999999,0.241,0.342,0.511,0.512,0.111,.206,0.589041095890411
2019,PHI,TRUE,2.25,43,73,26.3,-0.13,0.368,0.524,0.566,0.534,0.127,0.239,0.8029999999999999,0.193,0.353,0.52,0.523,0.125,.214,0.6805555555555556
2020,PHI,TRUE,5.28,49,72,27.1,-0.31,0.374,0.531,0.579,0.541,0.128,0.23199999999999998,0.782,0.225,0.36,0.51,0.521,0.138,.200,0.6219512195121951
2021,PHI,TRUE,2.57,51,82,26.8,-0.04,0.364,0.527,0.578,0.534,0.11599999999999999,0.201,0.768,0.232,0.346,0.527,0.524,0.121,.192,NA
2005,PHX,TRUE,5.48,54,82,27.5,-0.07,0.399,0.511,0.568,0.537,0.122,0.221,0.721,0.166,0.363,0.477,0.49,0.132,.200,0.7439024390243902
2006,PHX,TRUE,7.28,61,82,27.6,-0.03,0.399,0.532,0.59,0.551,0.134,0.22699999999999998,0.7190000000000001,0.215,0.363,0.48,0.492,0.136,.206,0.6707317073170732
2007,PHX,TRUE,5.14,55,82,29.3,0.09,0.393,0.538,0.59,0.551,0.134,0.22399999999999998,0.7090000000000001,0.228,0.353,0.479,0.488,0.11800000000000001,.191,0.5609756097560976
2008,PHX,FALSE,1.62,46,82,29.5,-0.31,0.383,0.537,0.584,0.545,0.14400000000000002,0.27699999999999997,0.7170000000000001,0.25,0.383,0.492,0.511,0.128,.233,0.6585365853658537
2009,PHX,TRUE,4.67,54,82,28.5,-0.23,0.412,0.52,0.585,0.546,0.136,0.276,0.708,0.24,0.355,0.479,0.491,0.11599999999999999,.224,0.4878048780487805
2010,PHX,FALSE,-0.46,40,82,29.6,0.43,0.377,0.505,0.559,0.522,0.132,0.237,0.716,0.215,0.367,0.502,0.513,0.131,.211,0.5
2011,PHX,FALSE,0.29,33,66,28.9,0.53,0.343,0.494,0.536,0.499,0.133,0.258,0.7170000000000001,0.194,0.352,0.481,0.491,0.131,.200,0.3048780487804878
2012,PHX,FALSE,-5.75,25,82,26.9,0.71,0.33,0.473,0.512,0.477,0.14300000000000002,0.27,0.7190000000000001,0.174,0.388,0.492,0.512,0.142,.208,0.5853658536585366
2013,PHX,FALSE,3.02,48,82,26.2,0.39,0.372,0.503,0.558,0.519,0.14,0.264,0.737,0.222,0.341,0.492,0.496,0.139,.237,0.47560975609756095
2014,PHX,FALSE,-0.38,39,82,25.7,0.52,0.341,0.497,0.537,0.501,0.13699999999999998,0.245,0.735,0.191,0.352,0.486,0.497,0.14,.221,0.2804878048780488
2015,PHX,FALSE,-6.32,23,82,26,0.34,0.348,0.472,0.526,0.487,0.152,0.254,0.7709999999999999,0.204,0.377,0.505,0.523,0.135,.237,0.2926829268292683
2016,PHX,FALSE,-5.14,24,82,25,0.49,0.332,0.491,0.538,0.493,0.134,0.26,0.764,0.231,0.382,0.504,0.525,0.131,.264,0.25609756097560976
2017,PHX,FALSE,-8.8,21,82,23.7,0.57,0.334,0.492,0.532,0.495,0.139,0.225,0.765,0.203,0.373,0.519,0.533,0.11900000000000001,.212,0.23170731707317074
2018,PHX,FALSE,-8.61,19,82,24,0.73,0.329,0.525,0.552,0.514,0.138,0.205,0.725,0.202,0.372,0.538,0.545,0.135,.236,0.4657534246575342
2019,PHX,FALSE,0.56,34,73,24.6,0.35,0.358,0.529,0.576,0.532,0.13,0.222,0.7879999999999999,0.226,0.363,0.535,0.539,0.13699999999999998,.221,0.7083333333333334
2020,PHX,TRUE,5.67,51,72,26.6,-0.15,0.378,0.563,0.597,0.564,0.115,0.20800000000000002,0.785,0.177,0.354,0.535,0.534,0.124,.194,0.7804878048780488
2021,PHX,TRUE,6.94,64,82,27.5,-0.56,0.364,0.551,0.581,0.549,0.11599999999999999,0.223,0.7709999999999999,0.176,0.34,0.51,0.51,0.13,.195,NA
2005,POR,FALSE,-8.91,21,82,24.6,0.54,0.349,0.464,0.511,0.474,0.145,0.266,0.682,0.214,0.381,0.491,0.507,0.126,.231,0.3902439024390244
2006,POR,FALSE,-3.78,32,82,24.4,0.51,0.346,0.474,0.53,0.483,0.145,0.282,0.73,0.241,0.361,0.499,0.508,0.135,.267,0.5
2007,POR,FALSE,-0.52,41,82,24.1,0.45,0.377,0.468,0.532,0.489,0.126,0.268,0.718,0.216,0.356,0.479,0.491,0.121,.212,0.6585365853658537
2008,POR,TRUE,5,54,82,24,-0.35,0.383,0.49,0.553,0.511,0.125,0.326,0.75,0.234,0.374,0.482,0.499,0.132,.227,0.6097560975609756
2009,POR,TRUE,3.18,50,82,26.6,-0.13,0.354,0.49,0.547,0.499,0.121,0.282,0.748,0.249,0.343,0.499,0.502,0.133,.219,0.5853658536585366
2010,POR,TRUE,1.85,48,82,26.7,0.32,0.345,0.477,0.533,0.486,0.126,0.295,0.72,0.224,0.367,0.497,0.51,0.154,.231,0.42424242424242425
2011,POR,FALSE,-0.22,28,66,27.5,0.41,0.346,0.477,0.531,0.488,0.134,0.263,0.728,0.209,0.363,0.492,0.504,0.141,.199,0.4024390243902439
2012,POR,FALSE,-2.53,33,82,24.4,0.65,0.353,0.486,0.536,0.498,0.139,0.253,0.733,0.194,0.34,0.512,0.512,0.125,.189,0.6585365853658537
2013,POR,TRUE,4.44,54,82,25.8,0.45,0.372,0.481,0.548,0.504,0.124,0.28,0.747,0.22,0.355,0.476,0.488,0.11,.194,0.6219512195121951
2014,POR,TRUE,4.41,51,82,27,0.18,0.362,0.491,0.544,0.508,0.126,0.242,0.762,0.18,0.338,0.468,0.476,0.113,.182,0.5365853658536586
2015,POR,TRUE,0.98,44,82,24.3,0.15,0.37,0.49,0.548,0.511,0.132,0.259,0.762,0.202,0.371,0.484,0.503,0.121,.225,0.5
2016,POR,TRUE,-0.23,41,82,24.8,0.3,0.375,0.499,0.559,0.52,0.125,0.23,0.768,0.214,0.37,0.489,0.508,0.11599999999999999,.241,0.5975609756097561
2017,POR,TRUE,2.6,49,82,25.6,0,0.366,0.493,0.549,0.511,0.12300000000000001,0.233,0.7909999999999999,0.192,0.364,0.484,0.503,0.11699999999999999,.193,0.6463414634146342
2018,POR,TRUE,4.43,53,82,26.2,0.24,0.359,0.523,0.568,0.528,0.121,0.266,0.779,0.21,0.359,0.505,0.516,0.11,.195,0.47297297297297297
2019,POR,TRUE,-0.61,35,74,27.5,0.54,0.377,0.514,0.57,0.533,0.11199999999999999,0.22399999999999998,0.753,0.194,0.383,0.501,0.53,0.11199999999999999,.208,0.5833333333333334
2020,POR,TRUE,1.81,42,72,27.4,0.01,0.385,0.509,0.577,0.54,0.099,0.23,0.775,0.195,0.372,0.538,0.546,0.11199999999999999,.203,0.32926829268292684
2021,POR,FALSE,-8.55,27,82,25.6,0.33,0.346,0.513,0.55,0.515,0.13,0.22899999999999998,0.769,0.188,0.371,0.561,0.559,0.127,.222,NA
2005,SAC,TRUE,1.61,44,82,27.2,0.07,0.351,0.483,0.544,0.492,0.139,0.254,0.722,0.262,0.351,0.479,0.488,0.13699999999999998,.210,0.4024390243902439
2006,SAC,FALSE,-1.35,33,82,27.3,0.46,0.35,0.48,0.545,0.491,0.135,0.231,0.725,0.289,0.365,0.503,0.513,0.149,.240,0.4634146341463415
2007,SAC,FALSE,-1.86,38,82,27.3,0.4,0.373,0.488,0.556,0.503,0.14800000000000002,0.252,0.7170000000000001,0.276,0.373,0.495,0.51,0.139,.256,0.2073170731707317
2008,SAC,FALSE,-8.6,17,82,26.3,0.16,0.368,0.472,0.542,0.491,0.14300000000000002,0.245,0.6990000000000001,0.252,0.406,0.504,0.526,0.13,.269,0.3048780487804878
2009,SAC,FALSE,-4.06,25,82,24.1,0.3,0.349,0.483,0.528,0.491,0.136,0.278,0.735,0.207,0.357,0.497,0.505,0.126,.244,0.2926829268292683
2010,SAC,FALSE,-4.8,24,82,24.8,0.54,0.335,0.475,0.519,0.48,0.14400000000000002,0.299,0.7440000000000001,0.208,0.355,0.508,0.513,0.135,.233,0.3333333333333333
2011,SAC,FALSE,-4.95,22,66,24.3,0.73,0.316,0.471,0.51,0.472,0.13,0.29100000000000004,0.705,0.197,0.355,0.51,0.515,0.139,.199,0.34146341463414637
2012,SAC,FALSE,-4.26,28,82,25.6,0.62,0.363,0.474,0.532,0.491,0.134,0.266,0.71,0.208,0.355,0.512,0.517,0.136,.227,0.34146341463414637
2013,SAC,FALSE,-2.08,28,82,24.9,0.82,0.333,0.479,0.532,0.484,0.139,0.278,0.7659999999999999,0.251,0.38,0.491,0.512,0.127,.234,0.35365853658536583
2014,SAC,FALSE,-3.07,29,82,26,0.64,0.341,0.484,0.542,0.49,0.14800000000000002,0.265,0.752,0.276,0.349,0.5,0.507,0.11800000000000001,.200,0.4024390243902439
2015,SAC,FALSE,-2.32,33,82,26.6,0.16,0.359,0.5,0.546,0.51,0.142,0.239,0.7490000000000001,0.214,0.366,0.508,0.521,0.14,.202,0.3902439024390244
2016,SAC,FALSE,-3.29,32,82,27.9,0.58,0.376,0.496,0.556,0.516,0.13699999999999998,0.21,0.763,0.22,0.364,0.517,0.528,0.129,.227,0.32926829268292684
2017,SAC,FALSE,-6.6,27,82,26.4,0.39,0.375,0.479,0.529,0.502,0.128,0.215,0.7759999999999999,0.143,0.377,0.527,0.542,0.135,.199,0.47560975609756095
2018,SAC,FALSE,-0.81,39,82,24.8,0.31,0.378,0.504,0.554,0.524,0.115,0.231,0.755,0.177,0.348,0.54,0.533,0.136,.207,0.4305555555555556
2019,SAC,FALSE,-1.59,31,72,27,0.46,0.364,0.527,0.566,0.534,0.13,0.21899999999999997,0.784,0.177,0.357,0.549,0.543,0.136,.225,0.4305555555555556
2020,SAC,FALSE,-3.45,31,72,25.6,0.23,0.364,0.551,0.578,0.549,0.12,0.213,0.75,0.185,0.38,0.549,0.557,0.121,.199,0.36585365853658536
2021,SAC,FALSE,-5.26,30,82,25.8,0.2,0.344,0.53,0.561,0.525,0.125,0.213,0.76,0.203,0.372,0.547,0.551,0.11900000000000001,.176,NA
2005,SAS,TRUE,6.69,63,82,29.8,-0.13,0.385,0.496,0.546,0.513,0.136,0.26,0.742,0.209,0.339,0.449,0.457,0.135,.220,0.7073170731707317
2006,SAS,TRUE,8.35,58,82,30.4,-0.08,0.381,0.504,0.561,0.521,0.136,0.242,0.757,0.235,0.334,0.465,0.471,0.14,.201,0.6829268292682927
2007,SAS,TRUE,5.1,56,82,31.4,0.31,0.369,0.487,0.543,0.504,0.126,0.23399999999999999,0.7709999999999999,0.21,0.342,0.468,0.477,0.128,.201,0.6585365853658537
2008,SAS,TRUE,3.36,54,82,30.4,-0.4,0.386,0.492,0.548,0.513,0.11699999999999999,0.221,0.78,0.191,0.379,0.469,0.487,0.11699999999999999,.191,0.6097560975609756
2009,SAS,TRUE,5.07,50,82,28.7,-0.02,0.358,0.508,0.552,0.515,0.129,0.268,0.763,0.219,0.343,0.476,0.483,0.121,.214,0.7439024390243902
2010,SAS,TRUE,5.86,61,82,28.8,0.16,0.397,0.503,0.567,0.527,0.128,0.249,0.746,0.229,0.367,0.477,0.491,0.126,.190,0.7575757575757576
2011,SAS,TRUE,7.28,50,66,27.5,0.11,0.393,0.507,0.562,0.528,0.128,0.251,0.76,0.195,0.353,0.478,0.489,0.129,.168,0.7073170731707317
2012,SAS,TRUE,6.67,58,82,28.6,0.27,0.376,0.519,0.568,0.531,0.14,0.205,0.7490000000000001,0.204,0.353,0.466,0.48,0.13699999999999998,.179,0.7560975609756098
2013,SAS,TRUE,8,62,82,28.9,0.28,0.397,0.517,0.571,0.537,0.135,0.22699999999999998,0.764,0.188,0.353,0.469,0.482,0.128,.184,0.6707317073170732
2014,SAS,TRUE,6.34,55,82,29.8,0.14,0.367,0.505,0.555,0.517,0.131,0.23399999999999999,0.773,0.2,0.36,0.468,0.484,0.133,.190,0.8148148148148148
2015,SAS,TRUE,10.28,66,81,30.3,-0.36,0.375,0.515,0.564,0.526,0.124,0.23,0.7909999999999999,0.197,0.331,0.47,0.477,0.141,.182,0.7439024390243902
2016,SAS,TRUE,7.13,61,82,29.6,-0.06,0.391,0.5,0.564,0.524,0.126,0.24,0.7759999999999999,0.21,0.344,0.483,0.492,0.135,.192,0.573170731707317
2017,SAS,TRUE,2.89,47,82,29.3,0,0.352,0.499,0.543,0.507,0.122,0.237,0.7859999999999999,0.189,0.348,0.501,0.507,0.132,.170,0.5853658536585366
2018,SAS,TRUE,1.8,48,82,28.8,0.12,0.392,0.513,0.572,0.534,0.11,0.21,0.794,0.194,0.359,0.522,0.528,0.11,.170,0.4507042253521127
2019,SAS,FALSE,-0.65,32,71,27.6,0.46,0.376,0.516,0.572,0.531,0.11199999999999999,0.201,0.792,0.212,0.373,0.53,0.542,0.11699999999999999,.193,0.4583333333333333
2020,SAS,FALSE,-1.58,33,72,26.2,0.15,0.35,0.514,0.554,0.517,0.102,0.2,0.773,0.192,0.377,0.527,0.541,0.11800000000000001,.174,0.4146341463414634
2021,SAS,FALSE,0.02,34,82,24.5,-0.1,0.352,0.527,0.556,0.527,0.111,0.237,0.7509999999999999,0.166,0.36,0.528,0.532,0.121,.176,NA
2005,TOR,FALSE,-3.03,27,82,25.9,-0.04,0.375,0.479,0.548,0.5,0.124,0.254,0.733,0.249,0.373,0.522,0.53,0.135,.263,0.573170731707317
2006,TOR,TRUE,0.61,47,82,26,-0.38,0.363,0.492,0.55,0.504,0.13,0.222,0.745,0.239,0.357,0.494,0.503,0.14300000000000002,.219,0.5
2007,TOR,TRUE,2.47,41,82,26.3,-0.44,0.392,0.489,0.551,0.511,0.114,0.23399999999999999,0.75,0.2,0.368,0.489,0.505,0.135,.205,0.4024390243902439
2008,TOR,FALSE,-2.54,33,82,27,0.28,0.372,0.478,0.542,0.494,0.128,0.24,0.737,0.23,0.367,0.498,0.511,0.126,.202,0.4878048780487805
2009,TOR,FALSE,-1.83,40,82,25.2,-0.05,0.371,0.512,0.564,0.521,0.127,0.247,0.7290000000000001,0.244,0.366,0.501,0.513,0.11800000000000001,.247,0.2682926829268293
2010,TOR,FALSE,-6.28,22,82,24.5,0.01,0.316,0.494,0.533,0.491,0.13699999999999998,0.282,0.72,0.221,0.376,0.511,0.522,0.13,.251,0.3484848484848485
2011,TOR,FALSE,-3.67,23,66,25.7,-0.36,0.34,0.467,0.518,0.475,0.14800000000000002,0.259,0.754,0.211,0.328,0.469,0.475,0.128,.260,0.4146341463414634
2012,TOR,FALSE,-1.96,34,82,25.4,-0.48,0.343,0.48,0.532,0.488,0.13,0.255,0.7340000000000001,0.216,0.361,0.487,0.5,0.136,.247,0.5853658536585366
2013,TOR,TRUE,2.55,48,82,25.6,-0.69,0.372,0.475,0.545,0.498,0.132,0.272,0.7490000000000001,0.239,0.36,0.478,0.493,0.141,.237,0.5975609756097561
2014,TOR,TRUE,2.45,49,82,26.1,-0.62,0.352,0.499,0.553,0.508,0.12,0.256,0.733,0.232,0.346,0.501,0.506,0.134,.208,0.6829268292682927
2015,TOR,TRUE,4.08,56,82,26.3,-0.42,0.37,0.483,0.552,0.504,0.12300000000000001,0.24600000000000002,0.777,0.255,0.373,0.473,0.498,0.127,.201,0.6219512195121951
2016,TOR,TRUE,3.65,51,82,26.1,-0.56,0.363,0.505,0.561,0.517,0.11800000000000001,0.25,0.763,0.233,0.354,0.495,0.507,0.135,.223,0.7195121951219512
2017,TOR,TRUE,7.29,59,82,25.8,-0.49,0.358,0.541,0.575,0.539,0.121,0.23,0.777,0.198,0.357,0.486,0.501,0.13,.212,0.7073170731707317
2018,TOR,TRUE,5.49,58,82,27.3,-0.6,0.366,0.539,0.579,0.543,0.124,0.21899999999999997,0.7709999999999999,0.198,0.345,0.505,0.509,0.131,.190,0.7361111111111112
2019,TOR,TRUE,5.97,53,72,26.6,-0.26,0.374,0.519,0.574,0.536,0.131,0.213,0.767,0.21,0.337,0.499,0.502,0.146,.202,0.375
2020,TOR,FALSE,-0.54,27,72,26.6,-0.07,0.368,0.512,0.567,0.529,0.11900000000000001,0.20800000000000002,0.763,0.196,0.379,0.523,0.543,0.14400000000000002,.234,0.5853658536585366
2021,TOR,TRUE,2.38,48,82,24.8,0.08,0.349,0.503,0.543,0.51,0.11,0.284,0.7559999999999999,0.177,0.354,0.538,0.535,0.14400000000000002,.199,NA
2005,UTA,FALSE,-2.49,41,82,25.6,0.14,0.336,0.461,0.519,0.467,0.15,0.324,0.732,0.286,0.378,0.469,0.49,0.14,.303,0.6219512195121951
2006,UTA,TRUE,3.06,51,82,25.9,0.2,0.335,0.501,0.551,0.502,0.145,0.317,0.7509999999999999,0.283,0.355,0.485,0.496,0.14400000000000002,.314,0.6585365853658537
2007,UTA,TRUE,6.86,54,82,25.3,-0.01,0.372,0.522,0.573,0.528,0.136,0.295,0.741,0.265,0.357,0.491,0.501,0.15,.294,0.5853658536585366
2008,UTA,TRUE,2.31,48,82,25.5,-0.34,0.349,0.5,0.554,0.504,0.136,0.282,0.727,0.274,0.361,0.494,0.505,0.15,.262,0.6463414634146342
2009,UTA,TRUE,5.33,53,82,25.6,-0.01,0.364,0.519,0.565,0.524,0.142,0.268,0.7559999999999999,0.252,0.354,0.48,0.492,0.142,.269,0.47560975609756095
2010,UTA,FALSE,-1.44,39,82,26.8,0.39,0.346,0.493,0.544,0.498,0.135,0.27,0.7170000000000001,0.241,0.376,0.486,0.505,0.138,.275,0.5454545454545454
2011,UTA,TRUE,0.92,36,66,25.6,0.3,0.323,0.48,0.525,0.481,0.13,0.302,0.738,0.227,0.34,0.488,0.493,0.138,.245,0.524390243902439
2012,UTA,FALSE,0.3,43,82,26.3,0.38,0.366,0.477,0.533,0.492,0.138,0.28800000000000003,0.732,0.214,0.37,0.485,0.501,0.14,.226,0.3048780487804878
2013,UTA,FALSE,-6.27,25,82,24.5,0.91,0.344,0.474,0.523,0.484,0.139,0.255,0.745,0.202,0.376,0.503,0.518,0.121,.227,0.4634146341463415
2014,UTA,FALSE,0.71,38,82,23.4,0.49,0.343,0.486,0.531,0.494,0.146,0.29100000000000004,0.763,0.214,0.362,0.474,0.491,0.128,.199,0.4878048780487805
2015,UTA,FALSE,1.84,40,82,24.2,0.05,0.355,0.488,0.54,0.501,0.142,0.259,0.777,0.213,0.357,0.48,0.495,0.135,.210,0.6219512195121951
2016,UTA,TRUE,4,51,82,26.8,0.06,0.372,0.511,0.563,0.526,0.132,0.23199999999999998,0.789,0.215,0.358,0.476,0.493,0.11800000000000001,.195,0.5853658536585366
2017,UTA,TRUE,4.47,48,82,26.7,0.17,0.366,0.515,0.564,0.527,0.13699999999999998,0.215,0.7979999999999999,0.202,0.365,0.488,0.506,0.14,.190,0.6097560975609756
2018,UTA,TRUE,5.28,50,82,27.3,0.03,0.356,0.541,0.572,0.538,0.134,0.22899999999999998,0.8029999999999999,0.217,0.355,0.496,0.507,0.124,.189,0.6111111111111112
2019,UTA,TRUE,2.52,44,72,27.3,0.05,0.38,0.535,0.585,0.549,0.13699999999999998,0.21600000000000003,0.789,0.208,0.353,0.512,0.518,0.111,.185,0.7222222222222222
2020,UTA,TRUE,8.97,52,72,28.5,-0.29,0.389,0.544,0.597,0.563,0.127,0.245,0.7929999999999999,0.195,0.341,0.504,0.507,0.10300000000000001,.159,0.5975609756097561
2021,UTA,TRUE,5.67,49,82,29.3,-0.37,0.36,0.568,0.589,0.555,0.127,0.254,0.7829999999999999,0.208,0.35,0.518,0.521,0.109,.164,NA
2005,WAS,TRUE,1.57,42,82,26.5,-0.29,0.357,0.471,0.538,0.484,0.128,0.295,0.7090000000000001,0.284,0.363,0.493,0.504,0.151,.256,0.5
2006,WAS,TRUE,-0.8,41,82,26.8,-0.28,0.348,0.482,0.542,0.491,0.126,0.281,0.71,0.272,0.377,0.502,0.517,0.14400000000000002,.249,0.524390243902439
2007,WAS,TRUE,-0.61,43,82,27.2,-0.28,0.356,0.475,0.535,0.489,0.125,0.289,0.728,0.233,0.386,0.489,0.513,0.135,.217,0.23170731707317074
2008,WAS,FALSE,-6.98,19,82,26.9,0.48,0.33,0.476,0.524,0.48,0.132,0.27699999999999997,0.7140000000000001,0.224,0.387,0.516,0.533,0.133,.227,0.3170731707317073
2009,WAS,FALSE,-4.72,26,82,27.6,0.06,0.353,0.471,0.524,0.481,0.139,0.276,0.7240000000000001,0.216,0.36,0.492,0.502,0.128,.239,0.2804878048780488
2010,WAS,FALSE,-7.3,23,82,24.9,0.11,0.332,0.465,0.513,0.471,0.139,0.28,0.705,0.216,0.373,0.499,0.512,0.14400000000000002,.249,0.30303030303030304
2011,WAS,FALSE,-5.14,20,66,24.2,-0.34,0.32,0.47,0.508,0.472,0.142,0.273,0.7090000000000001,0.184,0.35,0.483,0.492,0.142,.229,0.35365853658536583
2012,WAS,FALSE,-2.78,29,82,25.4,-0.25,0.365,0.455,0.512,0.475,0.142,0.24600000000000002,0.746,0.191,0.349,0.47,0.483,0.13699999999999998,.206,0.5365853658536586
2013,WAS,TRUE,0.48,44,82,26.3,-0.79,0.38,0.485,0.538,0.506,0.136,0.252,0.757,0.181,0.347,0.498,0.504,0.15,.220,0.5609756097560976
2014,WAS,TRUE,0.17,46,82,28.6,-0.55,0.36,0.488,0.534,0.499,0.14,0.249,0.773,0.192,0.349,0.465,0.481,0.129,.210,0.5061728395061729
2015,WAS,FALSE,-0.5,41,81,27.3,0,0.358,0.501,0.544,0.511,0.131,0.20600000000000002,0.777,0.192,0.371,0.498,0.515,0.146,.218,0.5975609756097561
2016,WAS,TRUE,1.36,49,82,26,-0.45,0.372,0.515,0.564,0.528,0.128,0.24100000000000002,0.755,0.199,0.364,0.514,0.524,0.138,.213,0.524390243902439
2017,WAS,TRUE,0.53,43,82,26.9,-0.06,0.375,0.508,0.56,0.525,0.133,0.235,0.7709999999999999,0.196,0.349,0.522,0.522,0.136,.212,0.3902439024390244
2018,WAS,FALSE,-3.3,32,82,26.5,-0.4,0.341,0.543,0.567,0.531,0.12300000000000001,0.213,0.741,0.204,0.37,0.542,0.546,0.135,.199,0.3472222222222222
2019,WAS,FALSE,-5.24,25,72,25.1,-0.57,0.368,0.506,0.562,0.523,0.122,0.222,0.753,0.213,0.376,0.555,0.558,0.139,.231,0.4722222222222222
2020,WAS,TRUE,-1.85,34,72,26.6,-0.01,0.351,0.533,0.569,0.531,0.12300000000000001,0.213,0.7759999999999999,0.221,0.369,0.529,0.539,0.125,.217,0.4268292682926829
2021,WAS,FALSE,-3.23,35,82,25.9,0.15,0.342,0.543,0.568,0.532,0.121,0.209,0.769,0.197,0.361,0.522,0.529,0.107,.202,NA
